,Unnamed: 0,行政区,总价,地点,车位,最低首付,参考月供,环线信息,小区名称,房源编号,房屋户型,配备电梯,areas,供暖方式,所在楼层,装修情况,房屋朝向,上次交易,房本年限,售房原因,房屋类型,挂牌均价,建筑年代,物业类型,楼栋总数,房屋总数,物业公司,开发商,挂牌房源,area,平方米
0,0,虹口,850,逸仙路432弄,无,297.5万,29323元,中外环,久久公寓(虹口江湾镇)地图,sh4558942举报假一赔百细则,3室2厅2卫,有(一梯二户),157.23平,暂无数据,低区/8层,中装,南,2002-04-02,满五,置换,住宅 - 公寓,57614元/平,2001年,住宅 - 公寓,11栋,189户,上环房地产物业,上海上环房地产开发有限公司,7套在售二手房1套在租房源,157.23,
1,1,长宁,960,淮海西路358弄1-5号,无,336万,33117元,内环内,淮海世纪花苑(长宁新华路)地图,sh4702459举报假一赔百细则,4室2厅2卫,有(二梯二户),148.49平,暂无数据,低区/20层,精装,南,2002-12-01,满五,折现,住宅 - 公寓,71844元/平,2002年,住宅 - 公寓,5栋,121户,上海绿地物业服务有限公司、绿地物业,上海兴宇集团有限公司,2套在售二手房2套在租房源,148.49,
2,2,长宁,258,"虹梅路3818弄, 虹梅路3800弄",无,90.3万,8900元,中外环,虹延小区(长宁西郊)地图,sh4549676举报假一赔百细则,1室1厅1卫,暂无数据,40.53平,暂无数据,中区/5层,暂无数据,南,暂无数据,满五,折现,住宅 - 公寓,66228元/平,1995~1999年,住宅 - 公寓、住宅 - 新里,29栋,425户,上海虹霞物业管理公司、古北物业,上海隆昇工程建筑公司,14套在售二手房9套在租房源,40.53,
3,3,杨浦,500,双阳路666弄,无,175万,17249元,内中环,双花公寓(杨浦黄兴公园)地图,sh4543965举报假一赔百细则,2室1厅1卫,有(二梯八户),77.7平,暂无数据,中区/19层,精装,南,暂无数据,满五,置换,住宅 - 公寓,67992元/平,1984~1991年,住宅 - 公寓,6栋,680户,上海杨浦区市政建设物业有限公司、上海杨浦物业管理有限公司,上海凯晨房地产开发有限公司,24套在售二手房5套在租房源,77.7,
4,4,虹口,250,"大连西路201弄,天宝西路248弄",无,87.5万,8624元,内环内,大二小区(虹口曲阳)地图,sh4534309举报假一赔百细则,1室0厅1卫,暂无数据,37.6平,暂无数据,低区/6层,简装,南,暂无数据,满五,折现,住宅 - 公寓,62633元/平,1957~1996年,住宅 - 公寓、商业类、住宅 - 新里,68栋,1807户,上海新长宁集团华阳物业有限公司、上海宏阳物业有限公司、宏阳物业,上海新长宁集团有限公司,32套在售二手房1套在租房源,37.6,
5,5,长宁,296,长宁路476弄,无,103.6万,10211元,内环内,金谷苑(长宁中山公园)地图,sh4528857举报假一赔百细则,1室0厅1卫,有(二梯十户),42.98平,暂无数据,低区/19层,中装,南,暂无数据,满五,折现,住宅 - 公寓,75390元/平,1994年,住宅 - 公寓,3栋,552户,上海申达物业发展公司,长宁集团,5套在售二手房3套在租房源,42.98,
6,6,闸北,930,广中西路99弄,无,325.5万,32082元,内中环,新梅共和城(闸北大宁)地图,sh4429161举报假一赔百细则,3室2厅1卫,有(一梯二户),115.74平,暂无数据,低区/14层,精装,南北,2007-01-01,满五,置换,住宅 - 公寓,77908元/平,2002~2006年,住宅 - 公寓、商业类,88栋,2508户,上海兴盛物业有限公司、上海上实物业管理有限公司、兴盛物业,上海新梅房地产开发有限公司,28套在售二手房10套在租房源,115.74,
7,7,黄浦,1120,方斜路269号,无,392万,38637元,内环内,南文大厦(黄浦老西门)地图,sh4366648举报假一赔百细则,3室2厅2卫,有(二梯六户),145.12平,暂无数据,中区/27层,中装,南,2002-06-28,满五,折现,住宅 - 公寓,79796元/平,暂无信息,住宅 - 公寓,1栋,141户,上海文化花园物业管理有限公司,上海文中房产开发经营公司,6套在售二手房1套在租房源,145.12,
8,8,闵行,590,碧秀路98弄,暂无数据,206.5万,20353元,外环外,紫欣公寓(闵行莘庄)地图,sh4759832举报假一赔百细则,2室2厅1卫,有(一梯二户),113.83平,暂无数据,低区/11层,简装,南,暂无数据,满五,折现,住宅 - 公寓,57754元/平,1999~2003年,住宅 - 公寓、住宅 - 写字楼,12栋,489户,上海紫泰物业管理公司、紫泰物业,上海紫都置业发展有限公司,9套在售二手房6套在租房源,113.83,
9,9,长宁,1450,新华路666弄,无,507.5万,50021元,内环内,申亚新华府(长宁新华路)地图,sh4568044举报假一赔百细则,4室2厅2卫,有(二梯三户),189.59平,暂无数据,低区/30层,精装,南北,2004-11-18,满五,折现,住宅 - 公寓,84174元/平,2002年,住宅 - 公寓,4栋,233户,上海银湾物业管理有限公司,上海申亚房地产有限公司,7套在售二手房3套在租房源,189.59,
10,10,浦东,380,"长清路643弄, 长清路693弄, 长清路773弄, 长清路807弄, 长清路837弄",无,133万,13109元,内中环,南杨小区(浦东三林)地图,sh4546802举报假一赔百细则,2室1厅1卫,暂无数据,65.58平,暂无数据,低区/6层,中装,南北,2009-03-07,满五,折现,住宅 - 公寓,57419元/平,1994~2001年,住宅 - 公寓,164栋,3162户,天津丰凯物业管理有限公司、上海三杨物业公司,上海仁和置业有限公司、仁和房产公司,20套在售二手房13套在租房源,65.58,
11,11,杨浦,615,吉浦路375弄,无,215.2万,21216元,中外环,文化名园(杨浦五角场)地图,sh4527757举报假一赔百细则,3室2厅1卫,暂无数据,106.02平,暂无数据,高区/6层,中装,南北,2009-07-21,满五,置换,住宅 - 公寓,68496元/平,2002~2003年,住宅 - 公寓,46栋,794户,上海诚意物业管理有限公司,上海万国企业发展有限公司,18套在售二手房5套在租房源,106.02,
12,12,闵行,810,虹梅路3318弄,无,283.5万,27943元,中外环,虹田苑(闵行金虹桥)地图,sh4513743举报假一赔百细则,3室2厅1卫,有(一梯二户),112.97平,暂无数据,中区/11层,精装,南北,2006-01-08,满五,置换,住宅 - 公寓,77871元/平,2003~2005年,住宅 - 公寓,13栋,200户,上海宝鼎物业管理有限公司,上海虹田房地产置业有限公司,5套在售二手房1套在租房源,112.97,
13,13,杨浦,182,控江五村,暂无数据,63.7万,6279元,内中环,控江五村(杨浦黄兴公园)地图,sh4478927举报假一赔百细则,1室0厅1卫,暂无数据,31.38平,暂无数据,高区/5层,精装,南,暂无数据,满五,其它,住宅 - 公寓,62104元/平,1957~2007年,住宅 - 公寓,127栋,3221户,卫百辛集团物业、卫百辛物业,老上海黄兴房产开发公司、老上海黄兴房产公司,63套在售二手房10套在租房源,31.38,
14,14,宝山,455,共富二村,无,159.2万,15696元,中外环,共富二村(宝山共富)地图,sh4436863举报假一赔百细则,3室2厅1卫,暂无数据,109.85平,暂无数据,中区/6层,精装,南北,2007-01-15,满五,置换,住宅 - 公寓,住宅 - 公寓、住宅 - 新里,265栋,3370户,上海泰发物业发展公司,上海宝发房地产开发有限公司,57套在售二手房7套在租房源,,,109.85,
15,15,闸北,1050,"广延路1188弄（三期）, 共和新路2999弄（一期）",有,367.5万,36222元,内中环,明园森林都市(闸北大宁)地图,sh4367778举报假一赔百细则,3室2厅2卫,有(二梯六户),147.9平,暂无数据,低区/33层,毛坯,南北,2013-04-26,满二,置换,住宅 - 公寓,77681元/平,2007~2013年,住宅 - 公寓,18栋,2220户,上海恒联物业有限公司、上海诚悦物业管理有限公司,上海东北明园实业发展有限公司,45套在售二手房15套在租房源,147.9,
16,16,长宁,330,"长顺路21-81号,长顺路95-100号,中华新村94-100号",无,115.5万,11384元,内环内,中华小区(长宁新华路)地图,sh4233273举报假一赔百细则,2室0厅1卫,暂无数据,47.67平,暂无数据,中区/7层,精装,南,2014-04-02,满二,变现,住宅 - 公寓,72580元/平,1977~1997年,住宅 - 公寓、住宅 - 新里,45栋,1082户,上海新华物业公司、新华物业,上海新长宁集团有限公司、长宁集团,32套在售二手房8套在租房源,47.67,
17,17,浦东,410,"崂山路644弄,崂山路638弄,浦电路330弄",无,143.5万,14144元,内环内,潍坊九村(浦东潍坊)地图,sh4858934举报假一赔百细则,1室0厅1卫,暂无数据,36.98平,暂无数据,高区/6层,精装,南,1998-07-13,满五,折现,住宅 - 公寓,103106元/平,1986~1987年,住宅 - 公寓,109栋,2386户,上海浦东新区潍坊物业公司、潍坊物业,上海建工房产有限公司,38套在售二手房20套在租房源,36.98,
18,18,闵行,525,银都路3536弄,无,183.8万,18111元,外环外,好世凤凰城(闵行颛桥)地图,sh4865790举报假一赔百细则,2室2厅1卫,暂无数据,89.33平,暂无数据,中区/4层,精装,南北,暂无数据,满五,置换,住宅 - 公寓,55207元/平,2003~2004年,住宅 - 公寓,166栋,1648户,上海景瑞物业管理有限公司、上海和迅物业管理有限公司,上海好世置业有限公司,19套在售二手房7套在租房源,89.33,
19,19,徐汇,1450,汇站街126弄,有,507.5万,50021元,内环内,颐峰苑(徐汇徐家汇)地图,sh4863150举报假一赔百细则,3室2厅2卫,有(二梯三户),141.16平,暂无数据,低区/18层,精装,南北,暂无数据,满五,折现,住宅 - 公寓,102720元/平,2005年,住宅 - 公寓,3栋,141户,上海云峰集团有限公司,上海荣峰房地产开发有限公司,1套在售二手房1套在租房源,141.16,
20,20,闸北,1050,"平型关路1083弄（一、二期）,平型关路1088弄（三期）,平型关路1018号",暂无数据,367.5万,36222元,内中环,慧芝湖花园(闸北大宁)地图,sh4862371举报假一赔百细则,2室2厅2卫,有(二梯四户),114.0平,暂无数据,高区/25层,精装,南,2006-10-31,满五,暂无数据,住宅 - 公寓,住宅 - 公寓,37栋,3430户,上实物业管理有限公司、上海上实物业管理有限公司、上实物业,嘉华(中国)投资有限公司、香港嘉华集团,51套在售二手房35套在租房源,,,114.0,
21,21,杨浦,420,市光一村,无,147万,14489元,中外环,市光一村(杨浦中原)地图,sh4860904举报假一赔百细则,2室1厅1卫,有(二梯八户),69.58平,暂无数据,高区/18层,暂无数据,暂无数据,2000-02-13,满五,其它,住宅 - 公寓,57316元/平,1987~1998年,住宅 - 公寓、住宅 - 新里,114栋,3134户,上海恒联物业有限公司、恒联物业,上海市住宅开发中心第二分公司、中心集团,32套在售二手房5套在租房源,69.58,
22,22,浦东,1220,浦明路233弄,无,427万,42087元,内环内,江临天下(浦东陆家嘴)地图,sh4856512举报假一赔百细则,3室2厅2卫,有(二梯三户),136.65平,暂无数据,低区/20层,精装,南,2003-04-15,满五,折现,住宅 - 公寓,89448元/平,2002~2003年,住宅 - 公寓,12栋,940户,上海东湖物业管理有限公司、上海东湖物业管理公司、东湖物业,上海浦东新区新翔房地产开发有限公司、新翔房地产有限公司,21套在售二手房31套在租房源,136.65,
23,23,徐汇,295,田林十四村,无,103.2万,10177元,内中环,田林十四村(徐汇田林)地图,sh4804766举报假一赔百细则,1室1厅1卫,暂无数据,32.37平,暂无数据,高区/6层,暂无数据,暂无数据,暂无数据,满五,置换,住宅 - 公寓,82383元/平,1987~1994年,住宅 - 公寓,68栋,2727户,上海安得物业管理有限公司、上海田林物业有限公司、田林新村物业管理公司,上海徐汇房产经营有限公司,23套在售二手房12套在租房源,32.37,
24,24,杨浦,500,政立路580弄,无,175万,17249元,中外环,财大小区(杨浦五角场)地图,sh4804070举报假一赔百细则,4室2厅1卫,暂无数据,76.28平,暂无数据,低区/6层,精装,南北,2010-08-31,满五,折现,住宅 - 公寓,63740元/平,1992~1999年,住宅 - 公寓,89栋,1919户,上海凯晨物业管理有限公司、上海城建物业管理有限公司,财经大学,20套在售二手房7套在租房源,76.28,
25,25,浦东,345,"浦电路331弄,浦电路305弄",无,120.7万,11902元,内环内,潍坊八村(浦东潍坊)地图,sh4779499举报假一赔百细则,1室1厅1卫,暂无数据,40.8平,暂无数据,中区/6层,暂无数据,暂无数据,1970-01-01,满五,置换,住宅 - 公寓,住宅 - 公寓,73栋,1706户,上海浦东新区潍坊物业公司、潍坊物业,上海建工房产有限公司,22套在售二手房9套在租房源,,,40.8,
26,26,普陀,185,"宜川五村,华阴路193号,华阴路195号,华阴路197号,华阴路199号,华阴路201号,华阴路203号,宜川五村",无,64.8万,6382元,内中环,宜川五村(普陀甘泉宜川)地图,sh4762325举报假一赔百细则,1室1厅1卫,暂无数据,36.91平,暂无数据,高区/6层,简装,南北,2007-11-22,满五,置换,住宅 - 公寓,57492元/平,1973~1989年,住宅 - 公寓、住宅 - 新里,91栋,2281户,上海中山物业有限公司,宜川社区,43套在售二手房4套在租房源,36.91,
27,27,浦东,666,"康桥路1633弄, 康桥路1657弄",无,233.1万,22975元,绿洲康城亲水湾（东区）(浦东御桥)地图,sh4759481举报假一赔百细则,3室2厅2卫,有(一梯三户),130.23平,暂无数据,中区/14层,精装,南北,2012-01-01,满五,折现,住宅 - 公寓,54297元/平,2010年,住宅 - 公寓,20栋,771户,上海中远物业管理发展有限公司,暂无信息,21套在售二手房10套在租房源,,暂无数据,
28,28,宝山,400,"行知路356弄,大华路1500弄,行知路382弄,大华路1380弄",无,140万,13799元,内中环,好旺花苑(宝山大华)地图,sh4730631举报假一赔百细则,2室1厅1卫,暂无数据,64.58平,暂无数据,高区/6层,暂无数据,暂无数据,暂无数据,满五,折现,住宅 - 公寓,52658元/平,1996~1997年,住宅 - 公寓,86栋,1050户,上海恒联物业有限公司、上海大华物业管理有限公司、大华物业、鸿誉物业,大华集团上海华宜置业有限公司,15套在售二手房4套在租房源,64.58,
29,29,闸北,888,宝昌路399弄,无,310.8万,30634元,内环内,绿洲雅宾利花园（二期）(闸北西藏北路)地图,sh4726276举报假一赔百细则,2室2厅1卫,有(二梯四户),82.8平,暂无数据,低区/29层,暂无数据,暂无数据,2012-04-12,满五,置换,住宅 - 公寓,99623元/平,2010年,住宅 - 公寓,5栋,420户,上海利物得物业管理有限责任公司,暂无信息,10套在售二手房6套在租房源,82.8,
30,30,浦东,1699,"浦明路99弄（一、二期）,浦城路99弄（三期）",无,594.6万,58611元,内环内,仁恒滨江园(浦东陆家嘴)地图,sh4624709举报假一赔百细则,3室2厅2卫,有(二梯四户),165.76平,暂无数据,高区/33层,精装,西北,2007-08-10,满五,折现,住宅 - 公寓,104260元/平,1998~2003年,住宅 - 别墅、住宅 - 公寓,43栋,1945户,上海仁恒物业管理有限公司,上海仁恒房地产有限公司、仁恒置业,47套在售二手房90套在租房源,165.76,
31,31,宝山,355,蕴川路1498弄,无,124.2万,12247元,外环外,天馨花园（公寓）(宝山杨行)地图,sh4603489举报假一赔百细则,2室2厅1卫,暂无数据,80.44平,暂无数据,高区/6层,精装,南,2007-12-31,满五,置换,住宅 - 公寓,42059元/平,1998~2009年,住宅 - 公寓,275栋,3370户,上海天馨物业管理服务有限公司,上海天馨置业有限公司,86套在售二手房17套在租房源,80.44,
32,32,黄浦,2320,西藏南路688弄,无,812万,80034元,内环内,老西门新苑(黄浦老西门)地图,sh4550649举报假一赔百细则,4室2厅3卫,有(三梯三户),288.3平,暂无数据,低区/44层,暂无数据,暂无数据,2007-07-26,满五,折现,住宅 - 公寓,89242元/平,2006年,住宅 - 公寓、商业类、住宅 - 写字楼,7栋,710户,中信泰富（上海）物业管理有限公司、中信泰富物业,上海老西门新苑置业有限公司、西上海集团,16套在售二手房17套在租房源,288.3,
33,33,普陀,246,武威路1087弄,无,86.1万,8486元,外环外,桃浦一村瑞香苑(普陀桃浦)地图,sh4523650举报假一赔百细则,2室1厅1卫,暂无数据,60.75平,暂无数据,中区/5层,中装,南,暂无数据,满五,置换,住宅 - 公寓,44719元/平,1960~1995年,住宅 - 公寓,114栋,2443户,上海西部物业有限公司、上海普陀物业有限公司,上海桃浦房地产开发有限公司,26套在售二手房2套在租房源,60.75,
34,34,宝山,145,泰和路309弄,无,50.8万,5002元,外环外,泰和路309弄(宝山淞宝)地图,sh4523189举报假一赔百细则,1室0厅1卫,暂无数据,32.68平,暂无数据,低区/5层,暂无数据,暂无数据,暂无数据,满五,置换,住宅 - 公寓,43223元/平,1966~1993年,住宅 - 公寓,17栋,366户,上海宝房（集团）海滨物业服务有限公司、海滨物业,宝辰集团控股有限公司,7套在售二手房0套在租房源,32.68,
35,35,浦东,600,东方路1957弄,无,210万,20698元,内中环,鹏欣家园(浦东塘桥)地图,sh4460933举报假一赔百细则,2室2厅1卫,暂无数据,89.0平,暂无数据,高区/6层,精装,南北,2008-04-04,满五,置换,住宅 - 公寓,68563元/平,1998年,住宅 - 公寓,31栋,374户,上海鹏欣物业服务有限公司,上海鹏欣（集团）有限公司,2套在售二手房1套在租房源,89.0,
36,36,浦东,600,"双桥路1139弄, 双桥路1108弄（金高路977弄）",无,210万,20698元,中外环,东源名都(浦东高行)地图,sh4397244举报假一赔百细则,2室2厅1卫,有(一梯二户),105.06平,暂无数据,中区/14层,暂无数据,暂无数据,2009-03-01,满五,折现,住宅 - 公寓,58535元/平,2007~2012年,住宅 - 公寓,61栋,2676户,上海海迩斯物业管理有限公司,上海源东房地产开发有限公司,28套在售二手房8套在租房源,105.06,
37,37,浦东,450,东明路355弄,无,157.5万,15524元,内中环,博爱家园(浦东世博)地图,sh4353177举报假一赔百细则,1室2厅1卫,暂无数据,64.24平,暂无数据,低区/6层,暂无数据,暂无数据,暂无数据,满五,折现,住宅 - 公寓,69266元/平,2001~2003年,住宅 - 公寓,66栋,912户,上南物业公司,上海南博房产有限公司,9套在售二手房5套在租房源,64.24,
38,38,杨浦,210,开鲁路456弄,无,73.5万,7244元,中外环,开鲁四村(杨浦中原)地图,sh4580625举报假一赔百细则,1室1厅1卫,暂无数据,41.5平,暂无数据,高区/6层,简装,南,2005-04-06,满五,折现,住宅 - 公寓,54155元/平,1980~1998年,住宅 - 公寓、住宅 - 写字楼、住宅 - 新里,85栋,1722户,上海凯晨物业管理有限公司、上海卫百辛(集团)有限公司、卫百辛物业,城建二司、市建,27套在售二手房6套在租房源,41.5,
39,39,宝山,275,共和新路4739弄,无,96.2万,9487元,中外环,民主敦发小区(宝山张庙)地图,sh4843089举报假一赔百细则,1室1厅1卫,暂无数据,61.58平,暂无数据,高区/6层,中装,南北,1998-11-30,满五,置换,住宅 - 公寓,49838元/平,1996~1997年,住宅 - 公寓,24栋,383户,金泰物业,上海宝宸(集团)有限公司,3套在售二手房1套在租房源,61.58,
40,40,松江,320,涞寅路658弄,无,112万,11039元,外环外,绿庭尚城(松江九亭)地图,sh4752981举报假一赔百细则,2室1厅1卫,有(二梯六户),66.2平,暂无数据,高区/22层,简装,南,暂无数据,满五,暂无数据,住宅 - 公寓,45689元/平,2008~2013年,住宅 - 公寓,87栋,3877户,上海复瑞物业管理有限公司、上海复瑞物业管理有限公司、富瑞物业,上海绿庭房地产开发有限公司、上海绿庭集团有限公司,96套在售二手房23套在租房源,66.2,
41,41,浦东,320,"康佳路38弄,康佳路39弄",无,112万,11039元,外环外,康桥月苑(浦东康桥)地图,sh4545245举报假一赔百细则,2室1厅1卫,暂无数据,71.94平,暂无数据,低区/6层,毛坯,南北,2009-12-09,满五,置换,住宅 - 公寓,41919元/平,2009~2010年,住宅 - 公寓,118栋,1720户,上海豫园物业管理有限公司,上海雨润房地产开发有限公司,46套在售二手房6套在租房源,71.94,
42,42,普陀,510,靖边路199弄,无,178.5万,17594元,中外环,阳光威尼斯（三期）(普陀真光)地图,sh4616763举报假一赔百细则,3室2厅1卫,有(二梯五户),112.04平,暂无数据,低区/26层,简装,东南,2006-12-07,满五,折现,住宅 - 公寓,50576元/平,2006年,住宅 - 公寓,25栋,2744户,上海阳光物业管理有限公司,上海意景房产开发有限公司,43套在售二手房6套在租房源,112.04,
43,43,松江,225,泽悦路325弄,无,78.8万,7762元,外环外,茉莉雅苑(松江泗泾)地图,sh4407009举报假一赔百细则,2室1厅1卫,有(二梯四户),71.93平,暂无数据,低区/13层,毛坯,南,2012-08-01,满五,折现,住宅 - 公寓,33998元/平,2012年,住宅 - 公寓,27栋,1367户,上海新凯物业管理公司,上海韵意房地产开发有限公司,31套在售二手房8套在租房源,71.93,
44,44,浦东,340,上川路1468弄,无,119万,11729元,外环外,上川路1468弄(浦东曹路)地图,sh4376222举报假一赔百细则,3室2厅1卫,暂无数据,94.31平,暂无数据,低区/6层,精装,南北,2007-08-08,满五,折现,住宅 - 公寓,38046元/平,1995~1997年,住宅 - 公寓,12栋,204户,云琦物业,上海曹路房地产开发经营公司,3套在售二手房1套在租房源,94.31,
45,45,徐汇,320,罗城路700弄,无,112万,11039元,内中环,罗城小区(徐汇上海南站)地图,sh4599490举报假一赔百细则,1室1厅1卫,暂无数据,49.66平,暂无数据,中区/6层,毛坯,南,暂无数据,未满二,置换,住宅 - 公寓,61658元/平,1997年,住宅 - 公寓,93栋,1156户,上海徐房物业管理有限公司、闵行物业,上海金牛房地产有限公司,13套在售二手房6套在租房源,49.66,
46,46,徐汇,320,东安四村（宛平南路727弄）,无,112万,11039元,内环内,东安四村(徐汇徐家汇)地图,sh4575506举报假一赔百细则,1室1厅1卫,暂无数据,39.25平,暂无数据,高区/6层,简装,南,2016-09-27,未满二,折现,住宅 - 公寓,79589元/平,1975~1996年,住宅 - 公寓,48栋,1067户,上海高建物业有限公司,上海市奉贤区住宅建设总公司,13套在售二手房5套在租房源,39.25,
47,47,徐汇,670,"小木桥路518弄,小木桥路538弄",无,234.5万,23113元,内环内,新湖云庭(徐汇斜土路)地图,sh4811125举报假一赔百细则,2室2厅1卫,有(二梯七户),83.31平,暂无数据,低区/23层,简装,东,暂无数据,满五,折现,住宅 - 公寓,79103元/平,2005年,住宅 - 公寓,4栋,663户,上海新湖物业管理有限责任公司、新湖物业,上海源江置业发展有限公司,12套在售二手房8套在租房源,83.31,
48,48,宝山,330,菊联路232弄,无,115.5万,11384元,外环外,古北菊翔苑（菊联路232弄）(宝山顾村)地图,sh4620212举报假一赔百细则,2室2厅1卫,有(一梯三户),75.25平,暂无数据,中区/8层,精装,南,暂无数据,满五,置换,住宅 - 公寓,44747元/平,2008年,住宅 - 公寓,36栋,801户,上海捷森物业服务发展有限公司、上海捷森物业管理有限公司、捷森物业,上海古北(集团)有限公司、古北集团,8套在售二手房8套在租房源,75.25,
49,49,浦东,760,"康桥路1633弄, 康桥路1657弄",无,266万,26218元,绿洲康城亲水湾（东区）(浦东御桥)地图,sh4430029举报假一赔百细则,3室2厅2卫,有(一梯三户),124.35平,暂无数据,高区/12层,精装,南北,暂无数据,未满二,置换,住宅 - 公寓,54297元/平,2010年,住宅 - 公寓,20栋,771户,上海中远物业管理发展有限公司,暂无信息,21套在售二手房10套在租房源,,暂无数据,
50,50,黄浦,550,肇周路417号,无,192.5万,18973元,内环内,肇周路417号(黄浦老西门)地图,sh2114098举报假一赔百细则,3室1厅1卫,暂无数据,66.39平,暂无数据,高区/6层,暂无数据,暂无数据,暂无数据,未满二,折现,住宅 - 公寓,82843元/平,1980~1981年,住宅 - 公寓、商业类,3栋,49户,上海上房物业管理有限公司、上房物业,暂无信息,1套在售二手房1套在租房源,66.39,
51,51,虹口,620,"曲阳路455弄,曲阳路465弄",无,217万,21388元,内环内,曲阳新村(虹口鲁迅公园)地图,sh4564181举报假一赔百细则,3室1厅1卫,暂无数据,84.79平,暂无数据,中区/6层,精装,南,暂无数据,满五,折现,住宅 - 公寓,73121元/平,1993~1994年,住宅 - 公寓,5栋,90户,暂无信息,虹房置业,1套在售二手房0套在租房源,84.79,
52,52,黄浦,328,"蒙自西路28弄,蒙自西路62弄,蒙自西路72弄,丽园路857-893号（单号）,蒙自西路2-82号（双号）",无,114.8万,11315元,内环内,蒙西小区(黄浦五里桥)地图,sh4560656举报假一赔百细则,1室0厅1卫,有(一梯五户),33.25平,暂无数据,中区/7层,精装,西,2012-11-11,满五,置换,住宅 - 公寓,90268元/平,1980~1996年,住宅 - 公寓、住宅 - 写字楼,60栋,1446户,上海永理置业管理有限公司,暂无信息,20套在售二手房16套在租房源,33.25,
53,53,闸北,460,共和新路555弄,无,161万,15869元,内环内,绿厦小区(闸北西藏北路)地图,sh4541829举报假一赔百细则,2室1厅1卫,有(一梯七户),62.08平,暂无数据,中区/9层,精装,南,2000-03-01,满五,置换,住宅 - 公寓,71117元/平,1981~1986年,住宅 - 公寓、住宅 - 新里,6栋,382户,广华实业,广华开发有限公司、广华实业有限公司,7套在售二手房0套在租房源,62.08,
54,54,浦东,865,"云山路835弄,云山路839弄",有,302.8万,29840元,内中环,上海未来(浦东金杨)地图,sh4419937举报假一赔百细则,2室2厅1卫,有(一梯二户),101.62平,暂无数据,低区/7层,精装,南,2008-09-04,满五,折现,住宅 - 公寓,83390元/平,2003~2005年,住宅 - 公寓,80栋,1093户,上海城投物业管理有限公司、城投物业,上海置城房地产有限公司,11套在售二手房7套在租房源,101.62,
55,55,虹口,470,新市南路1225弄,无,164.5万,16214元,中外环,龙腾小区(虹口江湾镇)地图,sh4409095举报假一赔百细则,2室1厅1卫,暂无数据,79.0平,暂无数据,高区/5层,精装,南北,2012-08-10,满五,折现,住宅 - 公寓,58554元/平,2001年,住宅 - 公寓,16栋,273户,上海江湾物业管理有限公司,上海龙腾建筑有限公司,4套在售二手房0套在租房源,79.0,
56,56,虹口,500,"赤峰路370弄,曲阳路610弄,曲阳路620号,曲阳路630弄,曲阳路640号,曲阳路650号",无,175万,17249元,内环内,赤峰小区(虹口曲阳)地图,sh4406191举报假一赔百细则,2室1厅1卫,有(二梯七户),85.93平,暂无数据,低区/24层,精装,东南,暂无数据,满五,置换,住宅 - 公寓,70079元/平,1983~1994年,住宅 - 公寓,58栋,3551户,上海虹房物业集团、大柏树物业,上海虹房(集团)有限公司、虹房置业,50套在售二手房9套在租房源,85.93,
57,57,浦东,880,博山东路811弄,无,308万,30358元,内中环,东方知音苑(浦东金杨)地图,sh4359539举报假一赔百细则,3室2厅2卫,有(一梯二户),113.61平,暂无数据,低区/7层,中装,南北,2009-07-08,满五,折现,住宅 - 公寓,82586元/平,2002~2003年,住宅 - 公寓,95栋,1464户,上海复瑞物业管理有限公司、上海复瑞物业管理有限公司、复瑞公司,复地集团,10套在售二手房12套在租房源,113.61,
58,58,浦东,1120,锦和路99弄,无,392万,38637元,内环内,上海绿城(浦东杨东)地图,sh4330531举报假一赔百细则,3室2厅1卫,有(一梯二户),125.61平,暂无数据,低区/13层,精装,南北,2006-04-06,满五,变现,住宅 - 公寓,94543元/平,2004~2007年,住宅 - 公寓,79栋,2632户,上海绿宇物业管理有限公司,上海绿宇房地产开发有限公司,41套在售二手房52套在租房源,125.61,
59,59,长宁,330,"中山西路340号,中山西路430号,中山西路450号",无,115.5万,11384元,内中环,科宁公寓(长宁中山公园)地图,sh4229837举报假一赔百细则,1室0厅1卫,有(二梯十二户),43.71平,暂无数据,中区/24层,简装,西南,2000-05-23,满五,置换,住宅 - 公寓,67822元/平,1991~1995年,住宅 - 公寓,3栋,644户,上海新长宁集团新程物业有限公司、上海物业,上海新长宁（集团）有限公司、长宁集团,5套在售二手房3套在租房源,43.71,
60,60,徐汇,508,"小木桥路511弄, 江南一村, 江南二村, 零陵路190弄",无,177.8万,17525元,内环内,江南新村（徐汇）(徐汇斜土路)地图,sh1850194举报假一赔百细则,3室0厅1卫,暂无数据,62.05平,暂无数据,中区/5层,精装,南,2005-11-29,满五,置换,住宅 - 公寓,69231元/平,1954~2015年,住宅 - 公寓、住宅 - 老公寓、住宅 - 新里,112栋,2444户,上海高建物业有限公司、江南物业管理有限公司,上海徐房集团有限公司、上海江南造船厂房地产开发经营公司,20套在售二手房9套在租房源,62.05,
61,61,宝山,380,菊联路89弄,无,133万,13109元,外环外,文宝苑(宝山顾村)地图,sh4860806举报假一赔百细则,2室2厅1卫,有(一梯三户),76.19平,暂无数据,中区/11层,毛坯,南北,2008-10-22,满五,折现,住宅 - 公寓,2008年,住宅 - 公寓、商业类,73栋,1954户,上海捷森物业服务发展有限公司、捷森物业,上海捷茂房地产开发有限公司,28套在售二手房10套在租房源,,76.19,
62,62,徐汇,305,"桂平支路20弄（东樱花园）,桂平支路35弄（西樱花园）",无,106.8万,10522元,内中环,樱花园（徐汇）(徐汇康健)地图,sh4854707举报假一赔百细则,2室1厅1卫,暂无数据,50.41平,暂无数据,低区/6层,简装,南北,2000-05-10,满五,折现,住宅 - 公寓,65602元/平,1991~1993年,住宅 - 公寓,73栋,1379户,上海中房物业管理有限公司、锦龙物业、中房物业,上房地产,16套在售二手房10套在租房源,50.41,
63,63,徐汇,1580,"零陵路777弄,漕溪北路689号",无,553万,54506元,内环内,鑫国家园(徐汇徐家汇)地图,sh4851050举报假一赔百细则,4室2厅2卫,有(二梯四户),164.43平,暂无数据,高区/24层,精装,南北,2000-11-01,满五,折现,住宅 - 公寓,94300元/平,2001年,住宅 - 公寓,8栋,260户,上海驰骋物业管理有限公司,中心集团,3套在售二手房4套在租房源,164.43,
64,64,浦东,1720,银霄路39弄，银霄路100弄,无,602万,59335元,内环内,浦东世纪花园（公寓）(浦东花木)地图,sh4850848举报假一赔百细则,4室2厅2卫,有(二梯二户),189.6平,暂无数据,中区/30层,精装,南,暂无数据,满五,折现,住宅 - 公寓,94181元/平,2002~2005年,住宅 - 公寓,32栋,1198户,上海浦东物业管理公司、上海浦东世纪花园物业管理有限公司,上海联合发展有限公司、上海东上海联合置业有限公司,22套在售二手房18套在租房源,189.6,
65,65,黄浦,380,"西凌家宅路27弄,西藏南路1374弄,西凌家宅路111弄,西凌家宅路137弄,制造局路365弄,制造局路455弄,制造局路567弄",无,133万,13109元,内环内,西凌新邨(黄浦蓬莱公园)地图,sh4849526举报假一赔百细则,2室1厅1卫,有(一梯五户),54.5平,暂无数据,低区/7层,中装,北,暂无数据,满五,其它,住宅 - 公寓,住宅 - 公寓、住宅 - 新里,102栋,5130户,上海锦南物业经营有限公司,上实房地产,41套在售二手房19套在租房源,,,54.5,
66,66,闵行,629,"罗秀路1955弄,罗秀路1999弄",无,220.1万,21699元,中外环,嘉和花苑(闵行梅陇)地图,sh4848469举报假一赔百细则,2室2厅1卫,有(一梯三户),88.49平,暂无数据,高区/11层,暂无数据,南,2007-11-01,满五,折现,住宅 - 公寓,67952元/平,2000~2004年,住宅 - 公寓,67栋,1202户,上海中祺物业管理有限公司,上海美家房地产开发有限公司,5套在售二手房8套在租房源,88.49,
67,67,宝山,248,共康五村,无,86.8万,8555元,中外环,共康五村(宝山共康)地图,sh4848202举报假一赔百细则,1室1厅1卫,暂无数据,52.07平,暂无数据,低区/6层,精装,南北,2010-12-10,满五,置换,住宅 - 公寓,49287元/平,1992~1997年,住宅 - 公寓,220栋,3183户,上海高境物业管理有限公司、高镜物业,高境物业房地产开发有限公司、高镜开发集团,42套在售二手房0套在租房源,52.07,
68,68,普陀,700,"远景路97弄、中潭路100弄（四期）, 远景路97弄，中潭路100弄，中潭路99弄（一期）, 中潭路99弄79-159号，中潭路100弄78-156号（二期）, 中潭路33弄07～15号，中潭路99弄189~241号，中潭路91弄01~59号（三期）",暂无数据,245万,24148元,内环内,中远两湾城(普陀中远两湾城)地图,sh4848132举报假一赔百细则,2室2厅1卫,有(二梯四户),97.43平,暂无数据,高区/30层,精装,南,2004-03-29,满五,其它,住宅 - 公寓,71968元/平,2001~2006年,住宅 - 公寓,97栋,11603户,上海中远物业管理发展有限公司,上海万业企业股份有限公司,121套在售二手房58套在租房源,97.43,
69,69,宝山,455,沪太路2588弄,无,159.2万,15696元,中外环,上大阳光乾清园(宝山上大)地图,sh4848022举报假一赔百细则,3室2厅2卫,暂无数据,112.0平,暂无数据,高区/6层,精装,南北,暂无数据,满五,置换,住宅 - 公寓,住宅 - 公寓,61栋,732户,上海乾溪物业管理有限公司、上海乾溪置业总公司,上海建乾房地产开发有限公司,13套在售二手房0套在租房源,,,112.0,
70,70,浦东,248,"峨山路280弄,峨山路380弄,峨山路420弄",无,86.8万,8555元,内环内,港驳小区(浦东塘桥)地图,sh4846769举报假一赔百细则,1室1厅1卫,暂无数据,37.68平,暂无数据,高区/5层,精装,南北,2007-11-01,满五,折现,住宅 - 公寓,70406元/平,1976~1985年,住宅 - 公寓,47栋,1075户,上海浦东新区潍坊物业公司、潍坊物业,上海虹桥高尔夫俱乐部有限公司,7套在售二手房6套在租房源,37.68,
71,71,长宁,405,镇宁路465弄,暂无数据,141.8万,13971元,内环内,镇宁路465弄(长宁镇宁路)地图,sh4846283举报假一赔百细则,2室0厅1卫,暂无数据,46.88平,暂无数据,中区/6层,简装,南,暂无数据,满五,暂无数据,住宅 - 公寓,84755元/平,1911~1993年,住宅 - 公寓,117栋,1656户,上海宝隆物业管理有限公司,无开发商,25套在售二手房5套在租房源,46.88,
72,72,普陀,440,"中山北路3620弄,中山北路3644弄,中山北路3676弄,中山北路3700弄",暂无数据,154万,15179元,内环内,曹家巷小区(普陀武宁)地图,sh4845740举报假一赔百细则,2室1厅1卫,暂无数据,51.56平,暂无数据,低区/6层,毛坯,南,暂无数据,满五,暂无数据,住宅 - 公寓,76136元/平,1977~1997年,住宅 - 公寓,44栋,983户,上海长风物业有限公司、上海瑞星物业管理有限公司、瑞星物业,上海华运房地产开发有限公司,13套在售二手房14套在租房源,51.56,
73,73,杨浦,340,凤城五村,无,119万,11729元,内环内,凤城五村(杨浦控江路)地图,sh4844663举报假一赔百细则,2室1厅1卫,暂无数据,48.89平,暂无数据,低区/6层,毛坯,南北,暂无数据,满五,折现,住宅 - 公寓,68711元/平,1956~1995年,住宅 - 公寓、商业类、住宅 - 新里,44栋,839户,上海卫百辛(集团)有限公司、卫百辛物业,上海卫百辛房地产经纪有限公司、卫百辛集团,19套在售二手房2套在租房源,48.89,
74,74,长宁,830,华山路894弄,暂无数据,290.5万,28633元,内环内,丁香大楼(长宁镇宁路)地图,sh4844350举报假一赔百细则,2室1厅1卫,有(二梯八户),79.0平,暂无数据,低区/18层,精装,南北,暂无数据,满五,暂无数据,住宅 - 公寓,108608元/平,1992年,住宅 - 公寓,2栋,282户,上海新长宁集团、长宁物业,暂无信息,2套在售二手房2套在租房源,79.0,
75,75,静安,405,"余姚路180弄,余姚路222弄,安远路515弄,新丰路607号,常德路1039弄,常德路1057弄",暂无数据,141.8万,13971元,内环内,新丰小区(静安江宁路)地图,sh4843738举报假一赔百细则,2室0厅1卫,有(一梯六户),46.43平,暂无数据,低区/7层,简装,南,暂无数据,满五,暂无数据,住宅 - 公寓,86255元/平,1983~1999年,住宅 - 公寓、住宅 - 新里,32栋,776户,康定物业,静安置业,13套在售二手房10套在租房源,46.43,
76,76,普陀,680,新村路2003弄,无,238万,23458元,内中环,愉景华庭(普陀万里)地图,sh4843661举报假一赔百细则,2室2厅1卫,有(一梯二户),99.5平,暂无数据,低区/13层,精装,南北,2007-10-07,满五,置换,住宅 - 公寓,68955元/平,2005~2007年,住宅 - 公寓,49栋,1632户,戴德梁行物业管理有限公司、戴德粱行物业管理顾问公司,上海华烨房地产有限公司,37套在售二手房13套在租房源,99.5,
77,77,杨浦,370,"延吉七村,营口路113弄",无,129.5万,12764元,内中环,延吉七村(杨浦黄兴公园)地图,sh4843406举报假一赔百细则,2室1厅1卫,有(二梯二十一户),66.07平,暂无数据,中区/14层,毛坯,南,暂无数据,满五,折现,住宅 - 公寓,63930元/平,1980~1987年,住宅 - 公寓,78栋,2575户,上海延吉物业管理有限公司、上海市卫百辛集团延吉物业管理有限公司、卫百辛物业,上海黄兴房地产责任有限公司、黄兴房地产开发有限公司,37套在售二手房4套在租房源,66.07,
78,78,浦东,550,"尚博路799弄1-45号,尚博路650弄",无,192.5万,18973元,中外环,金橘新苑(浦东三林)地图,sh4842818举报假一赔百细则,2室2厅1卫,有(一梯三户),81.45平,暂无数据,低区/11层,精装,南北,2006-11-17,满五,置换,住宅 - 公寓,住宅 - 公寓、商业类,59栋,2300户,上海悦华物业管理有限公司,上海中房置业股份有限公司、中房集团,15套在售二手房5套在租房源,,,81.45,
79,79,徐汇,498,"乐山路3号,乐山路25弄",无,174.3万,17180元,内环内,乐山大楼(徐汇徐家汇)地图,sh4842219举报假一赔百细则,2室1厅1卫,有(二梯八户),61.49平,暂无数据,低区/24层,简装,东南,2002-09-24,满五,折现,住宅 - 公寓,82136元/平,1991~1993年,住宅 - 公寓、住宅 - 写字楼,4栋,557户,上海高建物业有限公司、上海徐虹物业有限公司,无开发商,4套在售二手房3套在租房源,61.49,
80,80,黄浦,385,五里桥路252号,无,134.8万,13281元,内环内,五里桥路252号(黄浦五里桥)地图,sh4841855举报假一赔百细则,2室1厅1卫,暂无数据,47.0平,暂无数据,高区/7层,简装,南北,暂无数据,满五,折现,住宅 - 公寓,住宅 - 公寓,1栋,27户,上海永理置业管理有限公司,暂无信息,2套在售二手房0套在租房源,,,47.0,
81,81,宝山,585,罗芬路98弄,有,204.8万,20181元,外环外,美兰湖岭域(宝山罗店)地图,sh4841479举报假一赔百细则,4室2厅2卫,暂无数据,92.29平,暂无数据,高区/6层,豪装,南北,暂无数据,满五,折现,住宅 - 公寓,40156元/平,2009~2011年,住宅 - 公寓,98栋,936户,上海景瑞物业管理有限公司、景瑞物业,上海景尚置业有限公司,28套在售二手房10套在租房源,92.29,
82,82,长宁,970,芙蓉江路555弄,无,339.5万,33462元,内中环,新天地河滨花园(长宁天山)地图,sh4839232举报假一赔百细则,2室2厅1卫,有(二梯四户),90.0平,暂无数据,中区/26层,精装,南北,2011-09-01,满五,折现,住宅 - 公寓,103673元/平,2011年,住宅 - 公寓,15栋,1025户,上海古北物业管理有限公司、古北物业,上海新天地置业发展有限公司,12套在售二手房28套在租房源,90.0,
83,83,杨浦,230,"长阳路1969弄,长阳路2021弄",暂无数据,80.5万,7934元,内中环,引翔港小区(杨浦周家嘴路)地图,sh4838633举报假一赔百细则,1室1厅1卫,暂无数据,37.8平,暂无数据,低区/6层,简装,南,暂无数据,满五,暂无数据,住宅 - 公寓,住宅 - 公寓、住宅 - 写字楼,32栋,1309户,长兴物业,隆洋物业开发,21套在售二手房10套在租房源,,,37.8,
84,84,浦东,300,"潍坊路238弄, 潍坊路252弄, 潍坊路260号, 潍坊路335弄1-3支弄, 潍坊路355弄, 潍坊路375弄, 源深路600弄1-3支弄, 潍坊路262号",无,105万,10349元,内环内,竹园新村(浦东)(浦东源深)地图,sh4838607举报假一赔百细则,1室0厅1卫,暂无数据,33.75平,暂无数据,低区/6层,简装,南,暂无数据,满五,置换,住宅 - 公寓,79959元/平,1987~1999年,住宅 - 公寓,184栋,3684户,潍坊物业、竹园物业管理有限公司,上海建工房产有限公司,49套在售二手房18套在租房源,33.75,
85,85,浦东,900,苗圃路438弄,无,315万,31048元,内环内,新城名园(浦东洋泾)地图,sh4837652举报假一赔百细则,2室2厅1卫,有(一梯二户),103.44平,暂无数据,高区/16层,精装,南北,2005-03-10,满五,置换,住宅 - 公寓,87006元/平,2005年,住宅 - 公寓,7栋,142户,上海中星集团申城物业有限公司、中星物业,上海中星（集团）有限公司、中星集团,1套在售二手房2套在租房源,103.44,
86,86,杨浦,286,控江三村88-147号,暂无数据,100.1万,9866元,内中环,控江西三村(杨浦黄兴公园)地图,sh4837598举报假一赔百细则,2室1厅1卫,暂无数据,40.94平,暂无数据,高区/5层,毛坯,南,暂无数据,满五,暂无数据,住宅 - 公寓,61544元/平,1993~2004年,住宅 - 公寓,60栋,1284户,延吉物业,老上海黄兴房产公司,13套在售二手房1套在租房源,40.94,
87,87,闵行,240,七莘路3333弄2区-15区,无,84万,8279元,外环外,万科城市花园(闵行七宝)地图,sh4837263举报假一赔百细则,1室1厅1卫,暂无数据,41.52平,暂无数据,高区/6层,简装,南,2009-01-22,满五,折现,住宅 - 公寓,49600元/平,1994~1998年,住宅 - 公寓,306栋,4104户,上海万科物业管理有限公司、万科物业,上海万科房地产有限公司,67套在售二手房19套在租房源,41.52,
88,88,长宁,869,长宁路1661弄1-50号,无,304.1万,29978元,内中环,虹桥新城(长宁中山公园)地图,sh4836342举报假一赔百细则,2室2厅2卫,有(一梯二户),107.47平,暂无数据,中区/11层,精装,南北,暂无数据,满五,折现,住宅 - 公寓,77928元/平,2000~2002年,住宅 - 公寓,38栋,1202户,上海世邦魏理仕物业顾问有限公司、世邦魏理仕物业,上海市绿地集团置业有限公司、绿城集团,7套在售二手房5套在租房源,107.47,
89,89,宝山,210,长江西路1568号,无,73.5万,7244元,中外环,通河二村(宝山通河)地图,sh4834828举报假一赔百细则,1室1厅1卫,暂无数据,40.36平,暂无数据,低区/6层,简装,南北,暂无数据,满五,置换,住宅 - 公寓,49490元/平,1988~1996年,住宅 - 公寓,137栋,4222户,通河新村物业、通河物业,上海华谊集团置业有限公司呼玛管理处,54套在售二手房8套在租房源,40.36,
90,90,青浦,265,"盈港路1750弄,盈港路1755弄,盈港路1880弄",暂无数据,92.8万,9142元,外环外,民乐佳苑(青浦盈浦)地图,sh4834664举报假一赔百细则,2室2厅1卫,暂无数据,73.91平,暂无数据,中区/5层,精装,暂无数据,暂无数据,满五,置换,住宅 - 公寓,32824元/平,2004~2006年,住宅 - 公寓、住宅 - 写字楼,364栋,4679户,上海纵骋物业管理有限公司、鑫苑物业,上海浦西房地产开发有限公司、上海俊鑫房地产开发有限公司、西上海集团,56套在售二手房21套在租房源,73.91,
91,91,松江,285,广富林路1188弄,无,99.8万,9832元,外环外,保利西子湾(松江松江大学城)地图,sh4833470举报假一赔百细则,1室1厅1卫,有(二梯四户),59.83平,暂无数据,中区/14层,精装,南,暂无数据,满五,其它,住宅 - 公寓,43980元/平,2008~2010年,住宅 - 厂房、住宅 - 公寓、商业类,70栋,3521户,上海保利物业管理、保利物业,上海城乾房地产开发有限公司,48套在售二手房43套在租房源,59.83,
92,92,闸北,295,"原平路689弄,原平路777弄,高平路774弄,高平路860弄",无,103.2万,10177元,中外环,永和二村(闸北永和)地图,sh4831438举报假一赔百细则,2室1厅1卫,暂无数据,49.42平,暂无数据,低区/6层,简装,南北,1996-05-17,满五,折现,住宅 - 公寓,57381元/平,1995~1996年,住宅 - 公寓,135栋,3252户,上海北城物业有限公司,大宁房地产开发有限公司,43套在售二手房22套在租房源,49.42,
93,93,虹口,460,"大连西路230弄,曲阳路501号,曲阳路511号,曲阳路521号,曲阳路531号,曲阳路541号,曲阳路551号",无,161万,15869元,内环内,曲一花苑(虹口曲阳)地图,sh4830742举报假一赔百细则,2室1厅1卫,有(二梯八户),56.79平,暂无数据,低区/12层,简装,西南,暂无数据,满五,折现,住宅 - 公寓,79247元/平,1979~1985年,住宅 - 公寓,20栋,912户,英达物业,泉州金荣房地产开发有限公司,8套在售二手房0套在租房源,56.79,
94,94,杨浦,335,工农三村,无,117.2万,11557元,中外环,工农三村(杨浦中原)地图,sh4830541举报假一赔百细则,2室1厅1卫,暂无数据,59.0平,暂无数据,中区/6层,简装,南,暂无数据,满五,暂无数据,住宅 - 公寓,59660元/平,1990~1996年,住宅 - 公寓、商业类,173栋,3906户,上海殷行物业管理有限公司,上海农工商房地产（集团）有限公司、农工商房地产,60套在售二手房13套在租房源,59.0,
95,95,松江,560,谷阳北路2399弄,暂无数据,196万,19318元,外环外,御上海(松江松江大学城)地图,sh4829427举报假一赔百细则,3室2厅2卫,有(二梯二户),132.08平,暂无数据,低区/18层,精装,南北,2011-10-07,满五,暂无数据,住宅 - 公寓,45055元/平,2009年,住宅 - 公寓,40栋,1804户,上海新贵盛物业管理有限公司,上海昌润房产有限公司,27套在售二手房17套在租房源,132.08,
96,96,长宁,1260,武夷路718弄,暂无数据,441万,43467元,内环内,武夷花园(长宁中山公园)地图,sh4828543举报假一赔百细则,3室2厅2卫,有(一梯二户),136.0平,暂无数据,中区/12层,精装,暂无数据,2004-10-04,满五,暂无数据,住宅 - 公寓,住宅 - 公寓,13栋,489户,上海古华房地产开发经营有限公司,上海古华房地产开发经营有限公司,7套在售二手房6套在租房源,,,136.0,
97,97,普陀,1170,长寿路1028弄,无,409.5万,40362元,内环内,上海知音苑(普陀长寿路)地图,sh4828040举报假一赔百细则,3室2厅2卫,有(二梯二户),134.0平,暂无数据,低区/16层,暂无数据,暂无数据,暂无数据,满五,置换,住宅 - 公寓,85207元/平,2001~2003年,住宅 - 公寓,29栋,1073户,上海复瑞物业管理有限公司、复瑞公司,上海复星房地产开发有限公司,10套在售二手房3套在租房源,134.0,
98,98,宝山,470,"真华路1988弄, 真华路1958弄",无,164.5万,16214元,梧桐城邦（三期）(宝山大华)地图,sh4827114举报假一赔百细则,1室2厅1卫,有(一梯五户),68.21平,暂无数据,中区/7层,精装,南,2008-10-18,满五,折现,住宅 - 公寓,69119元/平,2010年,住宅 - 别墅、住宅 - 公寓,95栋,425户,暂无信息,暂无信息,9套在售二手房4套在租房源,,暂无数据,
99,99,徐汇,500,建国西路354弄,无,175万,17249元,内环内,建西小区(徐汇建国西路)地图,sh4826814举报假一赔百细则,1室0厅1卫,暂无数据,31.68平,暂无数据,高区/6层,精装,南,2011-07-12,满五,折现,住宅 - 公寓,157828元/平,1976~1988年,住宅 - 公寓、住宅 - 新里,16栋,317户,庆余物业,上海庆余房地产开发有限公司,1套在售二手房7套在租房源,31.68,
100,100,杨浦,950,翔殷路500弄,无,332.5万,32772元,中外环,莱茵半岛(杨浦中原)地图,sh4826397举报假一赔百细则,3室2厅2卫,有(一梯二户),139.43平,暂无数据,中区/17层,精装,南北,暂无数据,满五,折现,住宅 - 公寓,65517元/平,2002~2003年,住宅 - 公寓,64栋,1102户,上海城成物业管理有限公司,上海柏茵置业有限公司,30套在售二手房3套在租房源,139.43,
101,101,杨浦,320,国定路600弄,无,112万,11039元,中外环,国定路600弄(杨浦五角场)地图,sh4826255举报假一赔百细则,2室1厅1卫,暂无数据,49.9平,暂无数据,低区/6层,精装,南,暂无数据,满五,折现,住宅 - 公寓,63975元/平,1980~1996年,住宅 - 公寓,42栋,879户,上海申鹭物业管理有限公司,无开发商,18套在售二手房4套在租房源,49.9,
102,102,普陀,1240,凯旋北路1555弄,无,434万,42777元,内环内,大华清水湾(普陀武宁)地图,sh4825491举报假一赔百细则,3室2厅2卫,有(一梯二户),150.41平,暂无数据,低区/18层,精装,南,2004-10-01,满五,折现,住宅 - 公寓,87041元/平,2002~2004年,住宅 - 公寓,48栋,1668户,上海瑞运物业管理有限公司,上海华运房地产开发有限公司,21套在售二手房4套在租房源,150.41,
103,103,宝山,198,淞南三村,无,69.3万,6830元,中外环,淞南三村(宝山淞南)地图,sh4825322举报假一赔百细则,1室1厅1卫,暂无数据,42.08平,暂无数据,中区/6层,简装,南,暂无数据,满五,折现,住宅 - 公寓,44511元/平,1995~2003年,住宅 - 公寓,142栋,2443户,上海继发物业公司,上海继发集团,14套在售二手房7套在租房源,42.08,
104,104,长宁,510,茅台路455弄,暂无数据,178.5万,17594元,内中环,茅台新苑(长宁仙霞)地图,sh4824506举报假一赔百细则,2室0厅1卫,有(二梯十户),73.89平,暂无数据,低区/12层,暂无数据,暂无数据,暂无数据,满五,折现,住宅 - 公寓,63421元/平,1989~1993年,住宅 - 公寓、住宅 - 新里,10栋,1502户,上海中星集团申城物业有限公司、中星物业,上海中星（集团）有限公司、中星集团,15套在售二手房8套在租房源,73.89,
105,105,徐汇,320,田林七村,无,112万,11039元,内中环,田林七村(徐汇田林)地图,sh4823396举报假一赔百细则,2室0厅1卫,暂无数据,47.0平,暂无数据,低区/6层,简装,南北,暂无数据,满五,折现,住宅 - 公寓,68615元/平,1982~1983年,住宅 - 公寓,36栋,886户,上海申华物业有限公司、上海田林物业有限公司、田林新村物业管理公司,上海徐汇房产经营有限公司,14套在售二手房4套在租房源,47.0,
106,106,普陀,180,"银杏路120弄, 白丽路701弄",无,63万,6210元,外环外,桃浦十村(普陀桃浦)地图,sh4823296举报假一赔百细则,1室1厅1卫,暂无数据,41.96平,暂无数据,高区/6层,毛坯,南,暂无数据,满五,折现,住宅 - 公寓,45111元/平,1995~1999年,住宅 - 公寓,114栋,2819户,上海普陀物业有限公司、普陀物业、上服物业、万志物业,西部集团,51套在售二手房8套在租房源,41.96,
107,107,长宁,410,番禺路293弄,无,143.5万,14144元,内环内,又一村（长宁）(长宁新华路)地图,sh4823035举报假一赔百细则,2室1厅1卫,暂无数据,57.22平,暂无数据,中区/7层,精装,南北,暂无数据,满五,折现,住宅 - 公寓,74188元/平,1990~1993年,住宅 - 公寓,16栋,399户,新华物业、新华物业,上海新长宁集团有限公司,6套在售二手房3套在租房源,57.22,
108,108,浦东,280,川沙路5245弄,暂无数据,98万,9659元,外环外,川沙路5245弄(浦东川沙)地图,sh4822902举报假一赔百细则,2室1厅1卫,暂无数据,72.0平,暂无数据,高区/6层,精装,南,1994-10-03,满五,暂无数据,住宅 - 公寓,39866元/平,1993~1995年,住宅 - 公寓,8栋,96户,暂无信息,暂无信息,5套在售二手房0套在租房源,72.0,
109,109,闵行,1200,姚虹路299弄,无,420万,41397元,内中环,恒盛苑(闵行金虹桥)地图,sh4822520举报假一赔百细则,3室2厅2卫,有(一梯二户),137.62平,暂无数据,高区/18层,中装,南北,2006-11-01,满五,折现,住宅 - 公寓,84009元/平,2004~2005年,住宅 - 公寓,22栋,615户,上海古北物业管理有限公司、古北物业,上海隆升建设发展有限公司,12套在售二手房9套在租房源,137.62,
110,110,浦东,275,"潍坊一村,浦电路149弄",无,96.2万,9487元,内环内,潍坊一村(浦东潍坊)地图,sh4822124举报假一赔百细则,1室1厅1卫,暂无数据,30.5平,暂无数据,中区/6层,简装,南,1984-10-05,满五,折现,住宅 - 公寓,73753元/平,1979~1995年,住宅 - 公寓,48栋,1040户,上海浦东新区潍坊物业公司、潍坊物业,上海浦发房地产开发有限公司,8套在售二手房6套在租房源,30.5,
111,111,宝山,310,锦秋路1456弄,暂无数据,108.5万,10694元,中外环,瑞丰园(宝山上大)地图,sh4821978举报假一赔百细则,1室2厅1卫,有(一梯三户),62.81平,暂无数据,低区/11层,精装,南,暂无数据,满五,暂无数据,住宅 - 公寓,住宅 - 公寓,30栋,534户,上海诚悦物业管理有限公司、上海祁豪物业管理公司,上海祁连房地产开发总公司、祁连地产,12套在售二手房2套在租房源,,,62.81,
112,112,徐汇,320,龙山新村,无,112万,11039元,内环内,龙山新村(徐汇万体馆)地图,sh4821260举报假一赔百细则,1室1厅1卫,暂无数据,44.46平,暂无数据,高区/6层,精装,南,暂无数据,满五,置换,住宅 - 公寓,69882元/平,1953~1999年,住宅 - 公寓、住宅 - 写字楼、住宅 - 新里,116栋,2471户,上海高建物业有限公司、上海北方物业管理有限公司,上海上房置业中心有限公司,40套在售二手房12套在租房源,44.46,
113,113,杨浦,220,"延吉西路81弄,凤城二村",暂无数据,77万,7589元,内环内,凤城二村(杨浦控江路)地图,sh4821213举报假一赔百细则,1室0厅1卫,暂无数据,33.8平,暂无数据,低区/5层,简装,南,暂无数据,满五,暂无数据,住宅 - 公寓,65524元/平,1956~2006年,住宅 - 公寓、住宅 - 写字楼,139栋,3324户,上海四平物业管理有限公司、四平物业,上海申龙集团、上海申龙房地产有限公司,71套在售二手房11套在租房源,33.8,
114,114,浦东,550,梅园三村,暂无数据,192.5万,18973元,内环内,梅园三村(浦东源深)地图,sh4821046举报假一赔百细则,2室1厅1卫,暂无数据,61.68平,暂无数据,低区/6层,简装,南北,1970-01-01,满五,暂无数据,住宅 - 公寓,92342元/平,1977~1999年,住宅 - 公寓,49栋,920户,上海申舟物业有限公司,上海申舟物业有限公司,10套在售二手房13套在租房源,61.68,
115,115,宝山,210,长江西路1568号,无,73.5万,7244元,中外环,通河二村(宝山通河)地图,sh4820516举报假一赔百细则,1室1厅1卫,暂无数据,42.73平,暂无数据,低区/6层,精装,南,2012-10-23,满五,置换,住宅 - 公寓,49490元/平,1988~1996年,住宅 - 公寓,137栋,4222户,通河新村物业、通河物业,上海华谊集团置业有限公司呼玛管理处,54套在售二手房8套在租房源,42.73,
116,116,普陀,262,延川路243弄,无,91.7万,9038元,中外环,嘉云苑(普陀长征)地图,sh4818648举报假一赔百细则,1室1厅1卫,暂无数据,47.25平,暂无数据,低区/6层,简装,南,1999-01-07,满五,置换,住宅 - 公寓,56789元/平,1997年,住宅 - 公寓,56栋,672户,万隆物业,上海长征城乡建设开发有限公司,16套在售二手房0套在租房源,47.25,
117,117,普陀,1380,澳门路330弄,无,483万,47606元,内环内,浅水湾恺悦名城(普陀长寿路)地图,sh4818489举报假一赔百细则,3室2厅1卫,有(二梯三户),120.5平,暂无数据,中区/19层,暂无数据,暂无数据,暂无数据,满五,暂无数据,住宅 - 公寓,107155元/平,2010~2011年,住宅 - 公寓,15栋,482户,上海威斯特物业经营有限公司,上海恺悦投资发展有限公司,7套在售二手房5套在租房源,120.5,
118,118,杨浦,360,四平路2100弄,无,126万,12419元,内中环,四平路2100弄(杨浦五角场)地图,sh4817642举报假一赔百细则,2室0厅1卫,暂无数据,49.5平,暂无数据,低区/6层,中装,南北,暂无数据,满五,置换,住宅 - 公寓,71443元/平,1985~1995年,住宅 - 公寓,24栋,564户,上海五角场物业管理有限公司,五角场开发商,8套在售二手房2套在租房源,49.5,
119,119,静安,430,胶州路424弄,暂无数据,150.5万,14834元,内环内,胶州路424弄(静安曹家渡)地图,sh4817578举报假一赔百细则,2室0厅1卫,暂无数据,45.83平,暂无数据,低区/6层,简装,南,暂无数据,满五,其它,住宅 - 公寓,94238元/平,1983年,住宅 - 公寓,3栋,39户,上海宝翔物业有限公司,上海静安地产(集团)有限公司,2套在售二手房0套在租房源,45.83,
120,120,杨浦,315,"双辽支路60弄,双辽新村",无,110.2万,10867元,内环内,双辽新村(杨浦鞍山)地图,sh4817328举报假一赔百细则,1室1厅1卫,有(一梯八户),45.23平,暂无数据,中区/7层,精装,南,暂无数据,满五,折现,住宅 - 公寓,住宅 - 公寓、住宅 - 新里,95栋,2112户,上海卫百辛(集团)有限公司、卫百辛物业,上海卫百辛（集团）有限公司,18套在售二手房4套在租房源,,,45.23,
121,121,松江,225,"新家园路128弄, 新家园路30弄，新家园路88弄，古楼公路1858弄",无,78.8万,7762元,外环外,新凯家园(松江泗泾)地图,sh4815907举报假一赔百细则,1室1厅1卫,有(一梯四户),53.1平,暂无数据,高区/11层,简装,南,暂无数据,满五,暂无数据,住宅 - 公寓,37011元/平,2006~2015年,住宅 - 公寓、住宅 - 写字楼,478栋,7422户,彩生活物业,上海新凯房地产开发有限公司,80套在售二手房19套在租房源,53.1,
122,122,闸北,300,共和新路555弄,暂无数据,105万,10349元,内环内,绿厦小区(闸北西藏北路)地图,sh4815819举报假一赔百细则,1室1厅1卫,有(一梯七户),44.05平,暂无数据,中区/9层,暂无数据,暂无数据,暂无数据,满五,暂无数据,住宅 - 公寓,71117元/平,1981~1986年,住宅 - 公寓、住宅 - 新里,6栋,382户,广华实业,广华开发有限公司、广华实业有限公司,7套在售二手房0套在租房源,44.05,
123,123,闵行,365,新镇路1060弄,无,127.7万,12591元,外环外,三佳花苑(闵行七宝)地图,sh4815532举报假一赔百细则,2室1厅1卫,暂无数据,52.79平,暂无数据,高区/6层,毛坯,南,2006-04-13,满五,置换,住宅 - 公寓,71107元/平,1993~1996年,住宅 - 公寓,79栋,1382户,上海三佳物业管理有限责任公司,上海三佳房地产经营公司,13套在售二手房6套在租房源,52.79,
124,124,普陀,810,长寿路433弄,无,283.5万,27943元,内环内,长寿苑(普陀长寿路)地图,sh4815394举报假一赔百细则,3室2厅2卫,有(二梯四户),158.27平,暂无数据,中区/20层,毛坯,南,暂无数据,满五,置换,住宅 - 公寓,52879元/平,2000~2008年,住宅 - 公寓,4栋,256户,上海中宁物业管理中心、中宁物业,上海锦海房地产发展有限公司,3套在售二手房3套在租房源,158.27,
125,125,浦东,255,"花山路1001弄,海高二村",暂无数据,89.2万,8797元,中外环,海高二村(浦东外高桥)地图,sh4815366举报假一赔百细则,2室1厅1卫,暂无数据,63.73平,暂无数据,中区/6层,简装,南,暂无数据,满五,暂无数据,住宅 - 公寓,42557元/平,1994~2005年,住宅 - 公寓,38栋,502户,上海市浦东新区高桥物业发展公司、高桥物业,上海鹏静置业有限公司,8套在售二手房3套在租房源,63.73,
126,126,闵行,249,沪闵路2242弄,无,87.1万,8590元,外环外,金塔新村(闵行颛桥)地图,sh4815035举报假一赔百细则,2室1厅1卫,暂无数据,62.68平,暂无数据,中区/6层,精装,南北,2012-01-15,满五,置换,住宅 - 公寓,35231元/平,1993~2015年,住宅 - 公寓,122栋,1585户,上海金榜物业有限公司,颛元置业有限公司,22套在售二手房7套在租房源,62.68,
127,127,浦东,480,"牡丹路145弄, 牡丹路165弄, 牡丹路225弄",暂无数据,168万,16559元,内环内,牡丹小区（浦东）(浦东花木)地图,sh4814968举报假一赔百细则,1室1厅1卫,暂无数据,52.05平,暂无数据,中区/6层,简装,南北,暂无数据,满五,暂无数据,住宅 - 公寓,82265元/平,1993~1998年,住宅 - 公寓,95栋,1271户,方圆置业物业管理公司、上海方圆物业管理有限公司,上海花木开发有限公司、花木房产,34套在售二手房12套在租房源,52.05,
128,128,浦东,405,金工路172弄,无,141.8万,13971元,中外环,金鹏苑(浦东金桥)地图,sh4814914举报假一赔百细则,2室2厅1卫,暂无数据,61.74平,暂无数据,低区/6层,简装,南北,2001-05-11,满五,折现,住宅 - 公寓,63237元/平,1996~1998年,住宅 - 公寓,70栋,840户,上海凌浦物业有限公司、泰欣物业有限公司,金鹏集团股份有限公司、上海金鹏房地产开发有限公司,14套在售二手房2套在租房源,61.74,
129,129,闵行,210,银都路3118弄1-7区,无,73.5万,7244元,外环外,银都新村(1至7区)(闵行颛桥)地图,sh4814429举报假一赔百细则,1室1厅1卫,暂无数据,42.69平,暂无数据,低区/6层,毛坯,南,暂无数据,满五,折现,住宅 - 公寓,47248元/平,1994~2000年,住宅 - 公寓,336栋,4622户,上海益镇物业管理有限公司、上海益镇物业管理有限公司,颛桥房地产,52套在售二手房24套在租房源,42.69,
130,130,闵行,325,"报春路388弄,报春路488弄",无,113.7万,11212元,中外环,新梅花苑(闵行古美)地图,sh4814327举报假一赔百细则,2室1厅1卫,暂无数据,58.87平,暂无数据,高区/6层,精装,南北,2010-05-14,满五,其它,住宅 - 公寓,47982元/平,1995~1997年,住宅 - 公寓,87栋,2121户,上海兴盛物业有限公司、兴盛物业,上海兴盛实业发展（集团）有限公司,39套在售二手房12套在租房源,58.87,
131,131,浦东,440,环林东路271弄,无,154万,15179元,中外环,金禾新苑(浦东三林)地图,sh4814290举报假一赔百细则,2室1厅1卫,有(一梯三户),72.0平,暂无数据,中区/11层,精装,南,暂无数据,满五,置换,住宅 - 公寓,61997元/平,2006年,住宅 - 公寓,32栋,1468户,上海悦华物业管理有限公司,上海中房置业股份有限公司、中房集团,16套在售二手房4套在租房源,72.0,
132,132,静安,2000,新闸路1068弄,无,700万,68994元,内环内,远中风华园（公寓）(静安南京西路)地图,sh4813964举报假一赔百细则,3室2厅2卫,有(二梯四户),159.16平,暂无数据,低区/20层,精装,南北,2007-12-27,满五,折现,住宅 - 公寓,129502元/平,2006~2011年,住宅 - 公寓,12栋,616户,远雄物业（上海）有限公司,上海远中静安房地产有限公司、静安置业,16套在售二手房33套在租房源,159.16,
133,133,浦东,960,锦绣路2885弄1-37号,无,336万,33117元,内中环,锦三角花园（公寓）(浦东北蔡)地图,sh4813707举报假一赔百细则,3室2厅2卫,有(一梯二户),134.84平,暂无数据,高区/11层,精装,南北,2003-12-01,满五,置换,住宅 - 公寓,67201元/平,1998~2002年,住宅 - 公寓,23栋,383户,上海浦东物业管理公司、上海华辰物业管理有限公司,上海由由房地产开发有限公司、上海华辰房地产开发有限公司,5套在售二手房2套在租房源,134.84,
134,134,静安,345,"余姚路180弄,余姚路222弄,安远路515弄,新丰路607号,常德路1039弄,常德路1057弄",无,120.7万,11902元,内环内,新丰小区(静安江宁路)地图,sh4813675举报假一赔百细则,1室0厅1卫,有(一梯六户),42.23平,暂无数据,中区/7层,简装,南,暂无数据,满五,折现,住宅 - 公寓,86255元/平,1983~1999年,住宅 - 公寓、住宅 - 新里,32栋,776户,康定物业,静安置业,13套在售二手房10套在租房源,42.23,
135,135,黄浦,550,威海路149号,无,192.5万,18973元,内环内,振华大楼(黄浦人民广场)地图,sh4812367举报假一赔百细则,2室1厅1卫,有(二梯九户),64.64平,暂无数据,高区/20层,简装,南北,暂无数据,满五,折现,住宅 - 公寓,84025元/平,1988年,住宅 - 公寓,1栋,170户,上海紫华物业管理合作公司分公司,市政建设开发公司、市建,4套在售二手房3套在租房源,64.64,
136,136,虹口,735,广灵四路881弄,无,257.2万,25355元,内中环,万峰梦湖苑(虹口凉城)地图,sh4812193举报假一赔百细则,3室2厅1卫,暂无数据,106.07平,暂无数据,低区/6层,暂无数据,暂无数据,暂无数据,满五,置换,住宅 - 公寓,70024元/平,2003~2004年,住宅 - 公寓,52栋,760户,上海青山物业管理有限公司,上海万江置业有限公司,12套在售二手房4套在租房源,106.07,
137,137,杨浦,308,控江三村88-147号,无,107.8万,10625元,内中环,控江西三村(杨浦黄兴公园)地图,sh4812002举报假一赔百细则,2室0厅1卫,暂无数据,50.59平,暂无数据,高区/6层,简装,南,暂无数据,满五,暂无数据,住宅 - 公寓,住宅 - 公寓,60栋,1284户,延吉物业,老上海黄兴房产公司,13套在售二手房1套在租房源,,,50.59,
138,138,杨浦,1280,国秀路599弄,无,448万,44156元,中外环,加州水郡(杨浦新江湾城)地图,sh4809942举报假一赔百细则,3室2厅2卫,有(一梯三户),161.91平,暂无数据,中区/20层,精装,南北,2011-01-21,满五,折现,住宅 - 公寓,83073元/平,2010年,住宅 - 公寓,12栋,487户,上海上实物业管理有限公司、上实物业,上海城投置业管理有限公司、上海城投悦城置业有限公司,13套在售二手房6套在租房源,161.91,
139,139,普陀,700,澳门路756弄,无,245万,24148元,内环内,澳门公寓(普陀长寿路)地图,sh4809730举报假一赔百细则,3室2厅1卫,有(二梯五户),109.24平,暂无数据,中区/20层,简装,东南,2000-09-01,满五,其它,住宅 - 公寓,64691元/平,1998年,住宅 - 公寓,2栋,217户,上海沃和物业管理有限公司,上海天健房地产开发有限公司,5套在售二手房0套在租房源,109.24,
140,140,杨浦,250,双辽支路70弄,无,87.5万,8624元,内环内,双辽支路70弄(杨浦鞍山)地图,sh4809590举报假一赔百细则,2室0厅1卫,有(一梯六户),39.49平,暂无数据,中区/7层,简装,北,暂无数据,满五,折现,住宅 - 公寓,66517元/平,1984~1991年,住宅 - 公寓,40栋,1021户,上海控江物业管理有限公司,上海新杨浦开发有限公司,24套在售二手房1套在租房源,39.49,
141,141,杨浦,310,国顺路80弄,无,108.5万,10694元,内中环,北茶园(杨浦五角场)地图,sh4809540举报假一赔百细则,1室1厅1卫,暂无数据,42.78平,暂无数据,高区/6层,精装,南,暂无数据,满五,置换,住宅 - 公寓,69927元/平,1997~1998年,住宅 - 公寓,73栋,1434户,上海凯晨物业管理有限公司,上海五角场房地产责任有限公司、上海五角房产有限公司,29套在售二手房8套在租房源,42.78,
142,142,普陀,750,长寿路295弄,暂无数据,262.5万,25873元,内环内,恒达公寓(普陀长寿路)地图,sh4809005举报假一赔百细则,2室2厅1卫,有(二梯六户),113.68平,暂无数据,高区/24层,精装,南,1998-09-28,满五,暂无数据,住宅 - 公寓,65974元/平,1997年,住宅 - 公寓、住宅 - 写字楼,2栋,248户,上海恒达物业管理有限公司、恒达物业,上海恒达科技发展股份有限公司,2套在售二手房1套在租房源,113.68,
143,143,浦东,478,"张杨路1050弄, 张杨路1318号, 张杨路1308号, 张杨路1338号, 张杨路1348号, 福山路309号, 张杨路1328号",暂无数据,167.3万,16490元,内环内,竹园高层(浦东源深)地图,sh4808777举报假一赔百细则,2室1厅1卫,有(二梯八户),62.96平,暂无数据,低区/26层,简装,南,暂无数据,满五,其它,住宅 - 公寓,70789元/平,1989~1996年,住宅 - 公寓,12栋,2138户,上海申厦物业有限公司、宏基物业、潍坊物业,上海申城房地产开发实业总公司、上海第八房地产开发公司、市建,39套在售二手房24套在租房源,62.96,
144,144,宝山,240,吉浦路615弄,无,84万,8279元,中外环,吉浦路615弄(宝山高境)地图,sh4808540举报假一赔百细则,1室1厅1卫,有(一梯四户),40.15平,暂无数据,低区/7层,简装,南,暂无数据,满五,置换,住宅 - 公寓,52180元/平,1992~1996年,住宅 - 公寓,141栋,2953户,上海高境物业管理有限公司,上海绿岛房产开发公司,37套在售二手房11套在租房源,40.15,
145,145,杨浦,235,控江路680弄,暂无数据,82.2万,8107元,内中环,控江路680弄(杨浦控江路)地图,sh4807967举报假一赔百细则,1室1厅1卫,暂无数据,37.19平,暂无数据,中区/5层,简装,南,暂无数据,满五,折现,住宅 - 公寓,64343元/平,1980~1990年,住宅 - 公寓、住宅 - 新里,18栋,312户,上海物业,暂无信息,6套在售二手房0套在租房源,37.19,
146,146,闵行,203,银都路3118弄1-7区,暂无数据,71万,7003元,外环外,银都新村(1至7区)(闵行颛桥)地图,sh4807965举报假一赔百细则,1室1厅1卫,暂无数据,42.26平,暂无数据,低区/6层,暂无数据,暂无数据,暂无数据,满五,折现,住宅 - 公寓,47248元/平,1994~2000年,住宅 - 公寓,336栋,4622户,上海益镇物业管理有限公司、上海益镇物业管理有限公司,颛桥房地产,52套在售二手房24套在租房源,42.26,
147,147,普陀,280,曹杨九村,无,98万,9659元,内中环,曹杨九村(普陀曹杨)地图,sh4807837举报假一赔百细则,2室1厅1卫,暂无数据,44.15平,暂无数据,高区/6层,暂无数据,暂无数据,暂无数据,满五,折现,住宅 - 公寓,61742元/平,1976~1978年,住宅 - 公寓、住宅 - 新里,54栋,1523户,上海西部物业有限公司,上海市普陀区城市建设投资有限公司,17套在售二手房7套在租房源,44.15,
148,148,宝山,142,牡丹江路182弄,无,49.7万,4899元,外环外,牡丹江路182弄(宝山淞宝)地图,sh4807163举报假一赔百细则,1室0厅1卫,暂无数据,29.79平,暂无数据,高区/5层,简装,南,暂无数据,满五,折现,住宅 - 公寓,44709元/平,1981~1987年,住宅 - 公寓,19栋,387户,暂无信息,暂无信息,4套在售二手房2套在租房源,29.79,
149,149,宝山,200,环镇北路400弄,暂无数据,70万,6899元,中外环,环镇北路400弄(宝山大场镇)地图,sh4806773举报假一赔百细则,1室1厅1卫,暂无数据,43.13平,暂无数据,中区/6层,精装,南北,暂无数据,满五,暂无数据,住宅 - 公寓,46599元/平,1995~1997年,住宅 - 公寓、住宅 - 写字楼,36栋,805户,上海乾溪物业管理有限公司,上海乾溪置业总公司,10套在售二手房2套在租房源,43.13,
150,150,虹口,320,"玉田路400弄, 玉田路414弄, 玉田路432弄, 玉田路446弄, 东体育会路657弄, 东体育会路659弄, 赤峰路373弄, 曲阳路579号, 曲阳路581号, 曲阳路583号, 曲阳路585号, 曲阳路587号, 曲阳路589号, 东体育会路431号, 东体育会路465号, 赤峰路375-379号, 赤峰路381-385号, 赤峰路397-405号, 东体育会路431-437号, 东体育会路439-455号, 东体育会路447-453号, 东体育会路455-461号, 东体育会路463-469号, 玉田路402-412号, 玉田路416-426号, 玉田路428号, 玉田路430号, 玉田路434号, 玉田路436-442号, 玉田路448-454号, 曲阳路575号, 曲阳路577号, 曲阳路553号, 曲阳路557号, 曲阳路561号, 曲阳路563号",无,112万,11039元,内环内,东体小区(虹口曲阳)地图,sh4806729举报假一赔百细则,2室1厅1卫,暂无数据,41.66平,暂无数据,高区/6层,豪装,南北,暂无数据,满五,置换,住宅 - 公寓,72207元/平,1957~2007年,住宅 - 公寓、住宅 - 新里,176栋,2933户,大柏树物业管理有限公司、大柏树物业,上海东辰工程建设股份有限公司,34套在售二手房7套在租房源,41.66,
151,151,浦东,302,"金杨路660弄,金台路161弄,金台路115弄",无,105.7万,10418元,内中环,金杨新村十街坊(浦东金杨)地图,sh4806628举报假一赔百细则,2室1厅1卫,暂无数据,49.69平,暂无数据,高区/6层,精装,南,暂无数据,满五,折现,住宅 - 公寓,58521元/平,1993~1998年,住宅 - 公寓,153栋,2498户,上海陆家嘴物业管理有限公司、上海欣城物业有限公司,上海锦和投资集团有限公司,34套在售二手房9套在租房源,49.69,
152,152,浦东,415,"崂山路644弄,崂山路638弄,浦电路330弄",无,145.2万,14316元,内环内,潍坊九村(浦东潍坊)地图,sh4806548举报假一赔百细则,1室1厅1卫,暂无数据,37.01平,暂无数据,中区/6层,简装,南,暂无数据,满五,置换,住宅 - 公寓,103106元/平,1986~1987年,住宅 - 公寓,109栋,2386户,上海浦东新区潍坊物业公司、潍坊物业,上海建工房产有限公司,38套在售二手房20套在租房源,37.01,
153,153,宝山,760,锦秋路699弄,无,266万,26218元,中外环,锦秋花园（别墅）(宝山上大)地图,sh4806041举报假一赔百细则,4室2厅2卫,暂无数据,142.52平,暂无数据,地上3层,精装,南北,暂无数据,满五,折现,住宅 - 别墅,50855元/平,1998~2007年,住宅 - 别墅、住宅 - 公寓,3087栋,3087户,上海锦秋物业管理(上海)有限公司、?锦秋物业（上海）有限公司,上海锦秋房地产有限公司,25套在售二手房8套在租房源,142.52,
154,154,长宁,228,虹桥路953弄4-88号,无,79.8万,7865元,内环内,新顺小区(长宁新华路)地图,sh4805361举报假一赔百细则,1室0厅1卫,暂无数据,29.59平,暂无数据,中区/5层,精装,南,2012-11-12,满五,置换,住宅 - 公寓,75323元/平,1983~1988年,住宅 - 公寓、商业类、住宅 - 新里,48栋,1001户,新华物业、新华物业,长宁集团,18套在售二手房4套在租房源,29.59,
155,155,浦东,1400,锦和路99弄,有,490万,48296元,内环内,上海绿城(浦东杨东)地图,sh4804450举报假一赔百细则,3室2厅2卫,有(一梯一户),136.02平,暂无数据,低区/12层,暂无数据,暂无数据,暂无数据,满五,暂无数据,住宅 - 公寓,94543元/平,2004~2007年,住宅 - 公寓,79栋,2632户,上海绿宇物业管理有限公司,上海绿宇房地产开发有限公司,41套在售二手房52套在租房源,136.02,
156,156,长宁,375,利西路277号,暂无数据,131.2万,12936元,内环内,利西路277号(长宁中山公园)地图,sh4804369举报假一赔百细则,2室1厅1卫,暂无数据,49.88平,暂无数据,低区/6层,简装,南,暂无数据,满五,折现,住宅 - 公寓,76090元/平,1981年,住宅 - 公寓,1栋,30户,暂无信息,暂无信息,2套在售二手房0套在租房源,49.88,
157,157,闸北,690,长安路1050弄,无,241.5万,23803元,内环内,安源小区(闸北不夜城)地图,sh4803470举报假一赔百细则,3室1厅1卫,有(二梯六户),93.89平,暂无数据,中区/21层,简装,南北,2005-09-23,满五,折现,住宅 - 公寓,72236元/平,1995~1997年,住宅 - 公寓,3栋,399户,北京京路实业公司,房讯房产开发有限公司,4套在售二手房4套在租房源,93.89,
158,158,虹口,1250,物华路246弄,无,437.5万,43122元,内环内,爱家豪庭(虹口临平路)地图,sh4803415举报假一赔百细则,3室2厅2卫,有(一梯四户),131.16平,暂无数据,高区/31层,暂无数据,暂无数据,暂无数据,满五,暂无数据,住宅 - 公寓,91458元/平,2007年,住宅 - 公寓,6栋,609户,上海爱家物业管理有限公司,上海爱家投资(集团)有限公司、上海爱家房地产有限公司,6套在售二手房4套在租房源,131.16,
159,159,普陀,390,西谈家渡路17弄,无,136.5万,13454元,内环内,西谈家渡路17弄(普陀武宁)地图,sh4802771举报假一赔百细则,2室1厅1卫,有(一梯六户),62.01平,暂无数据,中区/7层,中装,东南,暂无数据,满五,置换,住宅 - 公寓,61484元/平,1990年,住宅 - 公寓,6栋,255户,上海置业集团,上海置业,6套在售二手房1套在租房源,62.01,
160,160,普陀,230,"银杏路120弄, 白丽路701弄",无,80.5万,7934元,外环外,桃浦十村(普陀桃浦)地图,sh4802713举报假一赔百细则,2室0厅1卫,有(一梯四户),54.0平,暂无数据,中区/7层,简装,南,暂无数据,满五,暂无数据,住宅 - 公寓,45111元/平,1995~1999年,住宅 - 公寓,114栋,2819户,上海普陀物业有限公司、普陀物业、上服物业、万志物业,西部集团,51套在售二手房8套在租房源,54.0,
161,161,浦东,425,"苗圃路463弄,巨野路469弄,羽山路801弄,张杨路1776弄",无,148.8万,14661元,内环内,巨东小区(浦东洋泾)地图,sh4802505举报假一赔百细则,1室1厅1卫,暂无数据,40.17平,暂无数据,高区/6层,毛坯,南,2000-01-02,满五,折现,住宅 - 公寓,90085元/平,1994年,住宅 - 公寓,68栋,1040户,浦房物业服务中心有限公司、上海申城物业有限公司,上海建工房产有限公司,21套在售二手房16套在租房源,40.17,
162,162,徐汇,590,宛南华侨新村,无,206.5万,20353元,内中环,宛南华侨新村(徐汇龙华)地图,sh4802477举报假一赔百细则,3室1厅1卫,暂无数据,86.0平,暂无数据,高区/6层,暂无数据,暂无数据,暂无数据,满五,折现,住宅 - 公寓,72600元/平,1981~1982年,住宅 - 公寓,18栋,349户,宛平物业公司,广州宛南华侨新村,5套在售二手房2套在租房源,86.0,
163,163,宝山,300,吉浦路615弄,暂无数据,105万,10349元,中外环,吉浦路615弄(宝山高境)地图,sh4802337举报假一赔百细则,2室1厅1卫,暂无数据,58.35平,暂无数据,高区/6层,简装,南,暂无数据,满五,暂无数据,住宅 - 公寓,52180元/平,1992~1996年,住宅 - 公寓,141栋,2953户,上海高境物业管理有限公司,上海绿岛房产开发公司,37套在售二手房11套在租房源,58.35,
164,164,闸北,176,"三泉路770弄,三泉路820弄",无,61.6万,6072元,中外环,康泉小区(闸北彭浦)地图,sh4802292举报假一赔百细则,1室0厅1卫,暂无数据,32.26平,暂无数据,中区/6层,暂无数据,暂无数据,暂无数据,满五,置换,住宅 - 公寓,53082元/平,1993~1996年,住宅 - 公寓,53栋,1103户,上海金光花园物业公司,上海三泉置业有限公司,13套在售二手房5套在租房源,32.26,
165,165,浦东,260,杜鹃路188弄,无,91万,8969元,内环内,新领地(浦东花木)地图,sh4801948举报假一赔百细则,1室1厅1卫,有(三梯十二户),50.0平,暂无数据,高区/29层,精装,西南,2009-08-24,满五,置换,住宅 - 公寓,53969元/平,2002年,住宅 - 公寓,2栋,655户,上海颐人物业管理有限公司,上海飞乐房地产开发经营公司,25套在售二手房15套在租房源,50.0,
166,166,闵行,270,银都路3118弄8-10区,无,94.5万,9314元,外环外,银都新村(8至10区)(闵行颛桥)地图,sh4801870举报假一赔百细则,2室1厅1卫,暂无数据,56.65平,暂无数据,中区/6层,简装,南北,2011-09-07,满五,置换,住宅 - 公寓,46539元/平,1994~1995年,住宅 - 公寓,142栋,1920户,上海联源物业发展有限公司、上海益镇物业管理有限公司,上海颛桥房地产有限公司,23套在售二手房16套在租房源,56.65,
167,167,黄浦,1400,人民路777弄,无,490万,48296元,内环内,东淮海公寓(黄浦豫园)地图,sh4801722举报假一赔百细则,3室2厅2卫,有(二梯二户),141.85平,暂无数据,低区/28层,暂无数据,南,2008-09-01,满五,折现,住宅 - 公寓,99533元/平,2003~2006年,住宅 - 公寓,8栋,549户,上海豫园物业管理有限公司、上海豫园旅游商城物业管理有限公司,上海建工九龙房产有限公司,16套在售二手房10套在租房源,141.85,
168,168,普陀,615,清峪路368弄,无,215.2万,21216元,中外环,金沙雅苑（三期）(普陀长征)地图,sh4801370举报假一赔百细则,2室2厅1卫,有(一梯三户),79.11平,暂无数据,中区/11层,中装,南,2008-08-01,满五,置换,住宅 - 公寓,72424元/平,2004年,住宅 - 公寓,31栋,1175户,上海协沁物业管理有限公司、上海协沁物业管理有限公司,上海弘象置业有限公司,16套在售二手房7套在租房源,79.11,
169,169,松江,212,九新公路33弄,无,74.2万,7313元,外环外,青春驿站(松江九亭)地图,sh4801258举报假一赔百细则,1室1厅1卫,有(三梯十七户),40.23平,暂无数据,低区/13层,精装,暂无数据,2008-02-23,满五,暂无数据,住宅 - 公寓,52318元/平,2007年,住宅 - 公寓,5栋,855户,申大物业管理有限公司、上海申大物业、申大物业,中新集团,39套在售二手房14套在租房源,40.23,
170,170,普陀,860,石泉东路168弄,无,301万,29668元,内中环,香溢花城（住宅）(普陀光新)地图,sh4801206举报假一赔百细则,2室2厅2卫,暂无数据,105.71平,暂无数据,低区/25层,精装,南,暂无数据,满五,折现,住宅 - 公寓,83342元/平,2009~2014年,住宅 - 公寓、商业类,35栋,2119户,上海绿城物业有限公司、绿城物业、绿城物业,上海昊川置业有限公司,31套在售二手房13套在租房源,105.71,
171,171,虹口,230,"大连西路250弄,大连西路270弄,玉田路407弄,玉田路401-427号,东体育会路413弄",无,80.5万,7934元,内环内,西南小区(虹口曲阳)地图,sh4801103举报假一赔百细则,1室0厅1卫,暂无数据,33.72平,暂无数据,高区/6层,简装,南北,1987-09-22,满五,置换,住宅 - 公寓,72834元/平,1979~1987年,住宅 - 公寓,88栋,2066户,上海大柏树物业有限公司,无开发商,29套在售二手房6套在租房源,33.72,
172,172,普陀,750,"远景路97弄、中潭路100弄（四期）, 远景路97弄，中潭路100弄，中潭路99弄（一期）, 中潭路99弄79-159号，中潭路100弄78-156号（二期）, 中潭路33弄07～15号，中潭路99弄189~241号，中潭路91弄01~59号（三期）",暂无数据,262.5万,25873元,内环内,中远两湾城(普陀中远两湾城)地图,sh4801092举报假一赔百细则,2室2厅1卫,有(二梯四户),111.63平,暂无数据,高区/34层,简装,南北,2009-09-20,满五,暂无数据,住宅 - 公寓,71968元/平,2001~2006年,住宅 - 公寓,97栋,11603户,上海中远物业管理发展有限公司,上海万业企业股份有限公司,121套在售二手房58套在租房源,111.63,
173,173,浦东,1020,西泰林路158弄,无,357万,35187元,中外环,环球翡翠湾花园(公寓)(浦东三林)地图,sh4800244举报假一赔百细则,3室2厅2卫,有(一梯二户),137.0平,暂无数据,高区/16层,精装,南北,暂无数据,满五,折现,住宅 - 公寓,住宅 - 别墅、住宅 - 公寓,39栋,1195户,第一太平戴维斯物业顾问(上海)有限公司、第一太平戴维斯物业,上海浦发振丰房地产发展有限公司、浦发集团,29套在售二手房13套在租房源,,,137.0,
174,174,闸北,285,"原平路689弄,原平路777弄,高平路774弄,高平路860弄",暂无数据,99.8万,9832元,中外环,永和二村(闸北永和)地图,sh4800104举报假一赔百细则,2室0厅1卫,暂无数据,50.52平,暂无数据,高区/6层,暂无数据,暂无数据,暂无数据,满五,暂无数据,住宅 - 公寓,57381元/平,1995~1996年,住宅 - 公寓,135栋,3252户,上海北城物业有限公司,大宁房地产开发有限公司,43套在售二手房22套在租房源,50.52,
175,175,长宁,560,法华镇路20弄,无,196万,19318元,内环内,红庄小区(长宁新华路)地图,sh4800039举报假一赔百细则,2室1厅1卫,有(二梯九户),62.45平,暂无数据,低区/18层,精装,南,2002-09-05,满五,置换,住宅 - 公寓,94026元/平,1990~1991年,住宅 - 公寓、住宅 - 新里,3栋,467户,上海新长宁集团、长宁物业,上海新长宁集团房地产投资咨询有限公司、长宁集团,6套在售二手房2套在租房源,62.45,
176,176,闵行,680,"华林路228弄（东区）,华林路229弄（西区）",无,238万,23458元,外环外,白雪公主(闵行七宝)地图,sh4799792举报假一赔百细则,3室2厅1卫,有(一梯二户),115.0平,暂无数据,高区/11层,简装,南,2005-01-01,满五,折现,住宅 - 公寓,58036元/平,2004年,住宅 - 公寓、商业类,57栋,1043户,神州物业管理有限公司、上海万欢物业管理有限公司,上海神州置业发展有限公司,10套在售二手房3套在租房源,115.0,
177,177,徐汇,245,虹梅南路126弄31-54号,无,85.8万,8452元,内中环,梅苑(徐汇华东理工)地图,sh4799728举报假一赔百细则,1室1厅1卫,暂无数据,44.23平,暂无数据,低区/6层,毛坯,南,暂无数据,满五,置换,住宅 - 公寓,58146元/平,1994年,住宅 - 公寓,24栋,528户,上海望族城物业管理有限公司,上海望族城物业管理有限公司,6套在售二手房0套在租房源,44.23,
178,178,黄浦,1220,方斜路269号,无,427万,42087元,内环内,南文大厦(黄浦老西门)地图,sh4799283举报假一赔百细则,5室2厅3卫,有(二梯六户),145.12平,暂无数据,中区/27层,豪装,南北,2002-04-17,满五,折现,住宅 - 公寓,79796元/平,暂无信息,住宅 - 公寓,1栋,141户,上海文化花园物业管理有限公司,上海文中房产开发经营公司,6套在售二手房1套在租房源,145.12,
179,179,黄浦,1430,中华路88弄,无,500.5万,49331元,内环内,滨江名人苑(黄浦黄浦滨江)地图,sh4799153举报假一赔百细则,3室2厅2卫,有(二梯三户),147.02平,暂无数据,中区/31层,中装,南北,2005-10-01,满五,折现,住宅 - 公寓,住宅 - 公寓,6栋,507户,上海市陆家嘴物业管理有限公司、上海安馨物业管理有限公司,上海新外滩企业发展有限公司、外滩房产有限公司,12套在售二手房9套在租房源,,,147.02,
180,180,浦东,410,灵岩南路801弄,无,143.5万,14144元,中外环,凌云公寓(浦东三林)地图,sh4798890举报假一赔百细则,2室1厅1卫,有(二梯八户),75.96平,暂无数据,中区/18层,精装,暂无数据,2007-05-28,满五,置换,住宅 - 公寓,住宅 - 公寓、住宅 - 写字楼,5栋,563户,上海锦南物业经营有限公司,上海新凌房地产开发有限公司,8套在售二手房4套在租房源,,,75.96,
181,181,宝山,305,菊联路233弄,无,106.8万,10522元,外环外,古北菊翔苑（菊联路233弄）(宝山顾村)地图,sh4798694举报假一赔百细则,2室2厅1卫,有(一梯三户),74.0平,暂无数据,低区/8层,精装,南北,暂无数据,满五,置换,住宅 - 公寓,46261元/平,2008年,住宅 - 公寓,92栋,1508户,捷森物业,上海古北顾村置业有限公司,35套在售二手房13套在租房源,74.0,
182,182,普陀,690,枣阳路185弄,有,241.5万,23803元,内中环,香山苑(普陀曹杨)地图,sh4797865举报假一赔百细则,2室2厅1卫,有(二梯八户),101.7平,暂无数据,高区/24层,精装,南,1999-12-10,满五,折现,住宅 - 公寓,66200元/平,1998~1999年,住宅 - 公寓,16栋,464户,上海安居物业有限公司,上海民苑房地产开发有限公司,10套在售二手房1套在租房源,101.7,
183,183,普陀,170,"银杏路120弄, 白丽路701弄",暂无数据,59.5万,5865元,外环外,桃浦十村(普陀桃浦)地图,sh4797669举报假一赔百细则,1室0厅1卫,有(一梯四户),33.38平,暂无数据,中区/7层,简装,暂无数据,暂无数据,满五,暂无数据,住宅 - 公寓,45111元/平,1995~1999年,住宅 - 公寓,114栋,2819户,上海普陀物业有限公司、普陀物业、上服物业、万志物业,西部集团,51套在售二手房8套在租房源,33.38,
184,184,徐汇,395,大木桥路450弄,无,138.2万,13626元,内环内,大木桥路450弄(徐汇斜土路)地图,sh4797635举报假一赔百细则,2室1厅1卫,暂无数据,49.91平,暂无数据,低区/6层,简装,南,暂无数据,满五,折现,住宅 - 公寓,78702元/平,1982~1989年,住宅 - 公寓,26栋,644户,上海市农工商物业总公司、上海鼎驰投资管理有限公司,高建物业,9套在售二手房3套在租房源,49.91,
185,185,浦东,210,上南四村,无,73.5万,7244元,内中环,上南四村(浦东世博)地图,sh4797377举报假一赔百细则,1室0厅1卫,暂无数据,30.34平,暂无数据,低区/6层,简装,南,暂无数据,满五,置换,住宅 - 公寓,63879元/平,1982~1998年,住宅 - 公寓,80栋,1754户,上南物业公司,上南开发集团、上南集团有限公司,8套在售二手房3套在租房源,30.34,
186,186,杨浦,898,中山北二路99弄,无,314.3万,30979元,内环内,大运盛城(杨浦控江路)地图,sh4795550举报假一赔百细则,3室2厅2卫,有(一梯二户),129.88平,暂无数据,中区/10层,精装,南,2002-06-15,满五,置换,住宅 - 公寓,73315元/平,2000~2006年,住宅 - 公寓,54栋,1572户,上海联源物业发展有限公司、上海联源物业发展有限公司、联源物业,运盛（上海）房地产建设有限公司,27套在售二手房3套在租房源,129.88,
187,187,静安,850,"威海路333弄,大沽路368弄（回搬房）,大沽路398弄",无,297.5万,29323元,内环内,中凯城市之光（静安）(静安南京西路)地图,sh4795464举报假一赔百细则,2室1厅1卫,有(二梯八户),83.79平,暂无数据,中区/34层,精装,南北,2008-02-18,满五,其它,住宅 - 公寓,118913元/平,2003~2005年,住宅 - 公寓,24栋,1565户,上海恒豪基业物业服务有限公司,上海中凯置业有限公司、中凯集团,32套在售二手房30套在租房源,83.79,
188,188,杨浦,250,凤城一村,无,87.5万,8624元,内环内,凤城一村(杨浦控江路)地图,sh4795221举报假一赔百细则,1室0厅1卫,暂无数据,35.9平,暂无数据,中区/6层,精装,南,2009-07-20,满五,折现,住宅 - 公寓,住宅 - 公寓、住宅 - 新里,11栋,326户,上海庆隆物业管理有限公司,集资开发,6套在售二手房1套在租房源,,,35.9,
189,189,杨浦,415,永吉路97弄,暂无数据,145.2万,14316元,内中环,永吉路97弄(杨浦控江路)地图,sh4795090举报假一赔百细则,2室1厅1卫,暂无数据,67.9平,暂无数据,高区/7层,暂无数据,南,暂无数据,满五,暂无数据,住宅 - 公寓,62056元/平,1987~1994年,住宅 - 公寓,16栋,323户,上海东湖物业管理有限公司、景程物业、东湖物业,上海卫百辛集团、诚佳置业,5套在售二手房3套在租房源,67.9,
190,190,浦东,520,御桥路2066弄,无,182万,17939元,中外环,地杰国际城（E欧泊时光）(浦东御桥)地图,sh4795017举报假一赔百细则,2室2厅1卫,有(二梯五户),85.11平,暂无数据,中区/26层,毛坯,南,暂无数据,满五,折现,住宅 - 公寓,66333元/平,2007年,住宅 - 公寓,20栋,1392户,上实物业,上海地杰置业有限公司,14套在售二手房16套在租房源,85.11,
191,191,徐汇,305,日晖二村,无,106.8万,10522元,内环内,日晖二村(徐汇斜土路)地图,sh4794233举报假一赔百细则,1室1厅1卫,暂无数据,53.1平,暂无数据,低区/6层,简装,南,暂无数据,满五,置换,住宅 - 公寓,67453元/平,1954~2000年,住宅 - 公寓,101栋,2173户,上海高建物业有限公司,政府安置房,22套在售二手房8套在租房源,53.1,
192,192,长宁,920,"荣华东道59弄,荣华东道60弄",无,322万,31737元,内中环,里昂花园(长宁古北)地图,sh4794145举报假一赔百细则,3室2厅2卫,有(二梯四户),159.28平,暂无数据,低区/13层,精装,南,暂无数据,满五,折现,住宅 - 公寓,64769元/平,1996年,住宅 - 公寓,7栋,222户,上海古北物业管理有限公司、古北物业,上海古北（集团）有限公司、古北集团,15套在售二手房6套在租房源,159.28,
193,193,闵行,228,"鹤庆路411弄,鹤庆路585弄,鹤庆路641弄",暂无数据,79.8万,7865元,外环外,新华小区(闵行老闵行)地图,sh4793813举报假一赔百细则,2室1厅1卫,暂无数据,56.17平,暂无数据,中区/6层,精装,南北,暂无数据,满五,暂无数据,住宅 - 公寓,40678元/平,1990~1994年,住宅 - 公寓,111栋,2336户,上海华凯物业管理有限公司,上海闵行房地产发展有限公司、闵行房地产,30套在售二手房16套在租房源,56.17,
194,194,浦东,335,建中路461弄,无,117.2万,11557元,内中环,华陇建中小区(浦东张江)地图,sh4793801举报假一赔百细则,2室1厅1卫,暂无数据,58.53平,暂无数据,高区/6层,精装,南,2000-09-15,满五,折现,住宅 - 公寓,59412元/平,1994年,住宅 - 公寓,15栋,360户,张江镇街道、张江物业,上海张江（集团）有限公司、张江集团,3套在售二手房2套在租房源,58.53,
195,195,虹口,310,新市南路1129弄,无,108.5万,10694元,中外环,新三小区(虹口江湾镇)地图,sh4793294举报假一赔百细则,2室1厅1卫,暂无数据,51.84平,暂无数据,低区/6层,简装,南,2007-10-15,满五,置换,住宅 - 公寓,60153元/平,1982年,住宅 - 公寓,4栋,96户,无,暂无信息,5套在售二手房1套在租房源,51.84,
196,196,嘉定,354,"云屏路388弄,云屏路518弄,云谷路599弄",无,123.9万,12212元,外环外,中信泰富又一城(嘉定嘉定新城)地图,sh4793101举报假一赔百细则,2室2厅1卫,有(二梯四户),89.86平,暂无数据,高区/36层,精装,南,2012-09-15,满五,折现,住宅 - 公寓,39400元/平,2011~2015年,住宅 - 公寓、住宅 - 写字楼,26栋,2444户,中信泰富（上海）物业管理有限公司、中信泰富物业,上海嘉逸房地产开发有限公司,22套在售二手房10套在租房源,89.86,
197,197,长宁,850,"凯旋路1222弄1-5号,凯旋路1222弄",无,297.5万,29323元,内环内,凯旋都市花园(长宁新华路)地图,sh4792811举报假一赔百细则,2室2厅1卫,有(一梯四户),111.36平,暂无数据,低区/33层,中装,南北,暂无数据,满五,折现,住宅 - 公寓,79468元/平,2004年,住宅 - 公寓,5栋,190户,上海家宝物业管理有限公司,上海华峻房地产开发有限公司,4套在售二手房1套在租房源,111.36,
198,198,杨浦,415,浣纱四村,无,145.2万,14316元,内中环,浣纱四村(杨浦黄兴公园)地图,sh4792756举报假一赔百细则,2室1厅1卫,暂无数据,59.2平,暂无数据,中区/6层,精装,南北,1995-12-01,满五,置换,住宅 - 公寓,住宅 - 公寓,84栋,1096户,上海黄兴广场物业管理有限公司、上海黄兴物业有限公司,浣纱房地产开发有限公司,17套在售二手房2套在租房源,,,59.2,
199,199,长宁,700,威宁路358弄,有,245万,24148元,内中环,天山星城(长宁天山)地图,sh4792312举报假一赔百细则,2室1厅1卫,有(一梯四户),75.27平,暂无数据,低区/18层,精装,南北,2009-04-27,满五,其它,住宅 - 公寓,住宅 - 公寓,41栋,2011户,上海申悦物业管理有限公司,上海长宁房地产经营有限公司、长宁集团,11套在售二手房19套在租房源,,,75.27,
200,200,浦东,325,"严中路269弄,严中路173弄,严中路373弄",无,113.7万,11212元,内中环,由由四村(浦东北蔡)地图,sh4790701举报假一赔百细则,2室1厅1卫,暂无数据,53.72平,暂无数据,低区/6层,简装,南,暂无数据,满五,折现,住宅 - 公寓,58853元/平,1994~1997年,住宅 - 公寓,117栋,1488户,上海由由物业管理有限公司、上海吉松物业管理中心,上海由由房地产开发有限公司、上海由由集团股份有限公司,14套在售二手房3套在租房源,53.72,
201,201,杨浦,290,控江路740弄,无,101.5万,10004元,内中环,控江路740弄(杨浦控江路)地图,sh4790527举报假一赔百细则,2室0厅1卫,暂无数据,45.0平,暂无数据,中区/5层,简装,南,暂无数据,满五,置换,住宅 - 公寓,65441元/平,1978~1979年,住宅 - 公寓,23栋,472户,景程物业,暂无信息,6套在售二手房1套在租房源,45.0,
202,202,松江,226,"乐都支路2弄, 谷阳北路201-275号, 乐都路233弄, 谷阳北路199弄, 乐都支路78号",暂无数据,79.1万,7796元,外环外,凤凰小区(松江松江老城)地图,sh4790520举报假一赔百细则,2室2厅1卫,暂无数据,64.87平,暂无数据,高区/6层,简装,南,暂无数据,满五,暂无数据,住宅 - 公寓,34711元/平,1980~2004年,住宅 - 公寓、商业类、住宅 - 新里,68栋,1241户,上海凤凰物业有限公司、凤凰物业,凤凰房地产开发有限公司,14套在售二手房3套在租房源,64.87,
203,203,闵行,179,碧江路401弄,无,62.6万,6175元,外环外,红旗五村(闵行老闵行)地图,sh4790380举报假一赔百细则,2室1厅1卫,暂无数据,52.82平,暂无数据,高区/4层,中装,暂无数据,2012-05-14,满五,置换,住宅 - 公寓,住宅 - 公寓、住宅 - 新里,104栋,1458户,上海闵碧物业管理有限公司,上海闵碧物业管理有限公司,15套在售二手房8套在租房源,,,52.82,
204,204,杨浦,350,友谊新村,暂无数据,122.5万,12074元,内中环,友谊新村(杨浦周家嘴路)地图,sh4790276举报假一赔百细则,2室0厅1卫,暂无数据,53.42平,暂无数据,高区/6层,中装,南,2001-02-01,满五,其它,住宅 - 公寓,64653元/平,1979~1997年,住宅 - 公寓、住宅 - 新里,104栋,854户,延吉物业,无开发商,8套在售二手房3套在租房源,53.42,
205,205,闵行,305,"南方新村,古美西路86弄",无,106.8万,10522元,中外环,南方新村(闵行古美)地图,sh4789667举报假一赔百细则,1室1厅1卫,暂无数据,47.43平,暂无数据,低区/6层,毛坯,南,暂无数据,满五,折现,住宅 - 公寓,60051元/平,1993~1996年,住宅 - 公寓、住宅 - 新里,186栋,2283户,上海德凯物业管理有限公司,上海梅陇大厦发展有限公司、梅陇房产,33套在售二手房9套在租房源,47.43,
206,206,长宁,360,东诸安浜路180弄1-23号,暂无数据,126万,12419元,内环内,东浜小区(长宁镇宁路)地图,sh4789131举报假一赔百细则,1室1厅1卫,暂无数据,44.22平,暂无数据,中区/6层,简装,南,2000-08-22,满五,其它,住宅 - 公寓,住宅 - 公寓、住宅 - 写字楼,21栋,496户,上海新长宁集团新华物业有限公司、长宁物业,上海新长宁(集团)有限公司、长宁集团,3套在售二手房2套在租房源,,,44.22,
207,207,浦东,375,华夏东路1260弄,无,131.2万,12936元,外环外,晨光公寓(浦东川沙)地图,sh4789120举报假一赔百细则,3室1厅1卫,暂无数据,89.33平,暂无数据,中区/6层,精装,南,2010-11-10,满五,置换,住宅 - 公寓,40681元/平,1995~1997年,住宅 - 公寓,25栋,354户,上海怡居物业管理有限公司,上海上科实业有限公司,11套在售二手房1套在租房源,89.33,
208,208,杨浦,225,三门路358弄,无,78.8万,7762元,中外环,三门路358弄(杨浦五角场)地图,sh4788966举报假一赔百细则,1室1厅1卫,有(一梯四户),42.87平,暂无数据,中区/7层,简装,南,2002-12-11,满五,折现,住宅 - 公寓,55523元/平,1994~1999年,住宅 - 公寓,81栋,1851户,上海阳光投资(集团)物业管理有限公司、上海市阳广物业管理有限公司、上海阳光物业管理有限公司,上海江湾房地产开发经营有限公司、江湾房产公司,24套在售二手房12套在租房源,42.87,
209,209,黄浦,450,打浦路316弄,无,157.5万,15524元,内环内,斜土新村(黄浦打浦桥)地图,sh4788889举报假一赔百细则,2室1厅1卫,有(一梯四户),55.9平,暂无数据,低区/7层,简装,南,暂无数据,满五,置换,住宅 - 公寓,84955元/平,1987~1989年,住宅 - 公寓、住宅 - 新里,35栋,867户,上海爱仁物业有限公司,无开发商,14套在售二手房6套在租房源,55.9,
210,210,浦东,475,"张杨路1050弄, 张杨路1318号, 张杨路1308号, 张杨路1338号, 张杨路1348号, 福山路309号, 张杨路1328号",无,166.2万,16386元,内环内,竹园高层(浦东源深)地图,sh4788626举报假一赔百细则,2室1厅1卫,有(二梯八户),65.72平,暂无数据,低区/26层,简装,西南,暂无数据,满五,其它,住宅 - 公寓,70789元/平,1989~1996年,住宅 - 公寓,12栋,2138户,上海申厦物业有限公司、宏基物业、潍坊物业,上海申城房地产开发实业总公司、上海第八房地产开发公司、市建,39套在售二手房24套在租房源,65.72,
211,211,浦东,500,"潍坊路89弄1-32号,浦东南路1341弄1-9号",无,175万,17249元,内环内,朱家滩小区(浦东潍坊)地图,sh4788264举报假一赔百细则,1室0厅1卫,暂无数据,35.6平,暂无数据,低区/6层,简装,南,暂无数据,满五,置换,住宅 - 公寓,105073元/平,1984~1989年,住宅 - 公寓、住宅 - 写字楼,34栋,696户,上海浦东新区潍坊物业公司、潍坊物业,乾坤置业有限公司,9套在售二手房9套在租房源,35.6,
212,212,徐汇,570,"漕溪北路850号,漕溪北路800号,漕溪北路1000号,漕溪北路900号,裕德路45弄,漕溪北路750号,漕溪北路950号",无,199.5万,19663元,内环内,漕溪大楼(徐汇徐家汇)地图,sh4788232举报假一赔百细则,3室1厅1卫,有(二梯九户),80.66平,暂无数据,中区/14层,精装,南,暂无数据,满五,折现,住宅 - 公寓,80794元/平,1975~1995年,住宅 - 公寓,9栋,1128户,上海永平置业有限公司、高健物业,上海徐房集团有限公司,10套在售二手房16套在租房源,80.66,
213,213,浦东,390,芳草路352弄,无,136.5万,13454元,内中环,芳草路352弄(浦东北蔡)地图,sh4787588举报假一赔百细则,2室1厅1卫,暂无数据,67.58平,暂无数据,低区/6层,简装,南,暂无数据,满五,置换,住宅 - 公寓,58245元/平,1994~1996年,住宅 - 公寓,35栋,444户,上海航帆物业管理有限公司,上海裕华,9套在售二手房2套在租房源,67.58,
214,214,普陀,180,旬阳新村,无,63万,6210元,内中环,旬阳新村(普陀光新)地图,sh4786820举报假一赔百细则,1室0厅1卫,暂无数据,31.44平,暂无数据,中区/6层,简装,东北,暂无数据,满五,折现,住宅 - 公寓,58165元/平,1981~1988年,住宅 - 公寓,28栋,628户,上海中山物业有限公司,暂无信息,2套在售二手房1套在租房源,31.44,
215,215,浦东,280,"浦建路83弄,南泉路1320弄",无,98万,9659元,内环内,浦建小区(浦东塘桥)地图,sh4786736举报假一赔百细则,1室1厅1卫,暂无数据,39.76平,暂无数据,中区/6层,精装,南,2008-09-19,满五,折现,住宅 - 公寓,69435元/平,1979~1992年,住宅 - 公寓,35栋,1002户,潍坊物业、上海潍坊物业公司、潍坊物业,上海工房实业有限公司,7套在售二手房8套在租房源,39.76,
216,216,杨浦,185,"许昌路1487弄1-4号,辽源三村",无,64.8万,6382元,内环内,辽源三村(杨浦鞍山)地图,sh4785091举报假一赔百细则,1室0厅1卫,暂无数据,28.04平,暂无数据,低区/6层,精装,西北,暂无数据,满五,折现,住宅 - 公寓,住宅 - 公寓,32栋,1009户,精诚物业、无,精诚房产,16套在售二手房6套在租房源,,,28.04,
217,217,浦东,252,"东陆路1182弄,五莲路1042弄",无,88.2万,8693元,中外环,东一小区(浦东金桥)地图,sh4785048举报假一赔百细则,1室1厅1卫,暂无数据,43.31平,暂无数据,低区/6层,暂无数据,暂无数据,暂无数据,满五,折现,住宅 - 公寓,51086元/平,1994~1999年,住宅 - 公寓,84栋,1650户,上海欣晨物业管理有限公司,上海金桥出口加工区开发股份有限公司,34套在售二手房3套在租房源,43.31,
218,218,普陀,640,真华路295弄,无,224万,22078元,内中环,万里名轩(普陀万里)地图,sh4785020举报假一赔百细则,2室2厅1卫,有(一梯二户),100.17平,暂无数据,高区/10层,简装,南北,2005-09-09,满五,置换,住宅 - 公寓,60429元/平,1999年,住宅 - 公寓、住宅 - 新里,47栋,676户,上海中环陆家嘴物业管理有限公司、中环物业,上海中环投资开发(集团)有限公司,11套在售二手房2套在租房源,100.17,
219,219,嘉定,298,"丰庄西路551弄,丰庄北路151弄,丰庄西路433弄",无,104.3万,10280元,中外环,丰庄十四街坊(嘉定丰庄)地图,sh4784854举报假一赔百细则,2室1厅1卫,暂无数据,65.34平,暂无数据,高区/6层,精装,南北,2012-02-25,满五,置换,住宅 - 公寓,48043元/平,1995~2001年,住宅 - 公寓,264栋,3265户,上海永绿置业有限公司,绿城集团,21套在售二手房4套在租房源,65.34,
220,220,浦东,620,洪山路1889弄,暂无数据,217万,21388元,内中环,翰锦苑(浦东三林)地图,sh4784269举报假一赔百细则,2室2厅1卫,有(一梯二户),98.0平,暂无数据,低区/13层,精装,南北,1970-01-01,满五,暂无数据,住宅 - 公寓,2003年,住宅 - 公寓,43栋,1010户,上海诚悦物业管理有限公司,上海恒大房地产开发经营有限公司、恒大集团,7套在售二手房7套在租房源,,98.0,
221,221,闸北,210,中兴路1394弄,无,73.5万,7244元,内环内,三兴小区(闸北不夜城)地图,sh4784246举报假一赔百细则,1室1厅1卫,暂无数据,32.0平,暂无数据,低区/7层,简装,北,2004-11-30,满五,其它,住宅 - 公寓,67627元/平,1993年,住宅 - 公寓、住宅 - 写字楼、住宅 - 新里,3栋,130户,无,暂无信息,2套在售二手房2套在租房源,32.0,
222,222,宝山,420,"红林路58弄,红林路158弄",有,147万,14489元,外环外,荣域飘鹰锦和花园（公寓）(宝山杨行)地图,sh4784023举报假一赔百细则,2室2厅1卫,有(二梯三户),89.41平,暂无数据,中区/18层,精装,南,2012-03-19,满五,置换,住宅 - 公寓,44831元/平,2011年,住宅 - 公寓,35栋,1191户,上海飘鹰物业管理有限公司,"上海飘鹰展翅置业有限公司,",23套在售二手房4套在租房源,89.41,
223,223,浦东,365,峨山路605弄,暂无数据,127.7万,12591元,内环内,峨山路605弄(浦东塘桥)地图,sh4784022举报假一赔百细则,2室1厅1卫,暂无数据,53.07平,暂无数据,低区/6层,简装,南北,暂无数据,满五,暂无数据,住宅 - 公寓,66334元/平,1991~1992年,住宅 - 公寓,16栋,336户,潍坊物业、潍坊物业,上海睿涛房地产开发有限公司,2套在售二手房4套在租房源,53.07,
224,224,宝山,300,菊盛路50弄,无,105万,10349元,外环外,菊泉新城（菊盛路50弄）(宝山顾村)地图,sh4783451举报假一赔百细则,2室2厅1卫,有(一梯四户),82.22平,暂无数据,低区/14层,精装,南,2005-09-17,满五,置换,住宅 - 公寓,43033元/平,2005~2006年,住宅 - 公寓,96栋,1604户,宏苑物业,上海古北顾村置业有限公司,27套在售二手房4套在租房源,82.22,
225,225,杨浦,745,中山北二路99弄,无,260.8万,25700元,内环内,大运盛城(杨浦控江路)地图,sh4782998举报假一赔百细则,2室2厅2卫,有(一梯二户),98.04平,暂无数据,中区/16层,简装,南,2003-04-02,满五,折现,住宅 - 公寓,住宅 - 公寓,54栋,1572户,上海联源物业发展有限公司、上海联源物业发展有限公司、联源物业,运盛（上海）房地产建设有限公司,27套在售二手房3套在租房源,,,98.04,
226,226,闸北,350,曲沃路373弄,无,122.5万,12074元,中外环,三泉安居苑(闸北彭浦)地图,sh4782120举报假一赔百细则,2室1厅1卫,暂无数据,61.43平,暂无数据,中区/6层,中装,南,暂无数据,满五,置换,住宅 - 公寓,55894元/平,1996~1999年,住宅 - 公寓,26栋,705户,安房物业公司,上海昌里花园物业发展有限公司,8套在售二手房0套在租房源,61.43,
227,227,宝山,590,场北路39弄,有,206.5万,20353元,中外环,和欣国际花园(宝山共康)地图,sh4781713举报假一赔百细则,2室2厅1卫,有(二梯四户),89.71平,暂无数据,高区/18层,精装,南北,2009-10-09,满五,折现,住宅 - 公寓,63990元/平,2007~2010年,住宅 - 公寓,37栋,2210户,上海上实物业管理有限公司、上实物业,上海和欣房地产开发有限公司,26套在售二手房5套在租房源,89.71,
228,228,杨浦,208,"凤城三村,长岭路75弄,延吉西路80弄,黄兴路1413弄",无,72.8万,7175元,内环内,凤城三村(杨浦控江路)地图,sh4781702举报假一赔百细则,1室1厅1卫,暂无数据,33.28平,暂无数据,高区/6层,简装,南,暂无数据,满五,置换,住宅 - 公寓,住宅 - 公寓,240栋,5872户,上海四平物业管理有限公司、卫百辛物业,上海卫百辛房地产经纪有限公司、卫百辛集团,62套在售二手房13套在租房源,,,33.28,
229,229,宝山,250,"沪太路1500弄,沪太路1508弄,华灵路81弄,华灵路201弄,华灵路410弄,华灵路411弄,华灵路460弄,华灵路510弄,华灵路541弄,华灵路560弄,华灵路561弄,华灵路591弄,华灵路630弄,华灵路680弄,华灵路880弄,华灵路881弄",无,87.5万,8624元,内中环,大华一村(宝山大华)地图,sh4781691举报假一赔百细则,1室1厅1卫,暂无数据,43.9平,暂无数据,中区/6层,精装,南北,2008-08-07,满五,置换,住宅 - 公寓,55008元/平,1990~2001年,住宅 - 公寓,444栋,6339户,上海大华物业管理公司、自主物业,大华集团上海华宜置业有限公司,53套在售二手房18套在租房源,43.9,
230,230,杨浦,699,黄兴路1999弄,无,244.6万,24114元,内中环,皇朝新城(杨浦五角场)地图,sh4781571举报假一赔百细则,3室2厅2卫,有(二梯六户),136.1平,暂无数据,中区/28层,精装,东,暂无数据,满五,折现,住宅 - 公寓,61426元/平,1996~2004年,住宅 - 公寓、住宅 - 写字楼,3栋,468户,上海春之声物业管理有限公司,上海新建置业有限公司,11套在售二手房3套在租房源,136.1,
231,231,黄浦,820,鲁班路778弄1-60号,无,287万,28288元,内中环,紫荆新苑(黄浦世博滨江)地图,sh4781290举报假一赔百细则,2室2厅1卫,暂无数据,93.3平,暂无数据,高区/6层,简装,南,暂无数据,满五,折现,住宅 - 公寓,85196元/平,1998年,住宅 - 公寓,57栋,694户,上海恒联物业管理有限公司、恒联物业,上海金刚房地产开发公司,7套在售二手房7套在租房源,93.3,
232,232,徐汇,360,百花街345弄,有,126万,12419元,内中环,花苑村丁香园(徐汇康健)地图,sh4780973举报假一赔百细则,2室1厅1卫,暂无数据,56.29平,暂无数据,中区/6层,中装,南北,2003-11-04,满五,折现,住宅 - 公寓,63359元/平,1992~1994年,住宅 - 公寓,110栋,1473户,上海中房物业管理有限公司、上海大柏树物业有限公司、中房物业,上房地产,17套在售二手房5套在租房源,56.29,
233,233,浦东,625,潍坊西路108弄1号,无,218.8万,21561元,内环内,久阳滨江公寓(浦东陆家嘴)地图,sh4780804举报假一赔百细则,2室1厅1卫,有(三梯二十二户),78.0平,暂无数据,中区/25层,精装,南,暂无数据,满五,折现,住宅 - 公寓,74762元/平,2006年,住宅 - 公寓,1栋,240户,和记物业服务(上海)有限公司、久阳物业,上海久阳房地产开发有限公司,18套在售二手房6套在租房源,78.0,
234,234,浦东,615,杨高南路4501弄,无,215.2万,21216元,内中环,新里城和合苑(浦东三林)地图,sh4780682举报假一赔百细则,2室2厅1卫,暂无数据,66.72平,暂无数据,高区/6层,精装,南,2009-06-08,满五,其它,住宅 - 公寓,住宅 - 公寓,124栋,1508户,上海万科物业服务有限公司、万科物业,上海万科地产有限公司、万科集团,20套在售二手房14套在租房源,,,66.72,
235,235,杨浦,900,"双阳北路288弄, 国顺东路889号",无,315万,31048元,内中环,公园3000黄兴花园(杨浦黄兴公园)地图,sh4780535举报假一赔百细则,2室2厅1卫,有(一梯一户),110.98平,暂无数据,低区/7层,精装,南北,2003-05-01,满五,折现,住宅 - 公寓,83907元/平,2002~2003年,住宅 - 别墅、住宅 - 公寓,149栋,1884户,上海延吉物业管理有限公司、延吉物业,上海新耀房地产开发有限公司,21套在售二手房9套在租房源,110.98,
236,236,杨浦,365,国顺路310弄,暂无数据,127.7万,12591元,内中环,国顺路310弄(杨浦五角场)地图,sh4780534举报假一赔百细则,2室1厅1卫,暂无数据,50.49平,暂无数据,中区/6层,精装,南北,暂无数据,满五,暂无数据,住宅 - 公寓,68761元/平,1980~1981年,住宅 - 公寓,9栋,216户,凯城楼宇物业管理有限公司,卫百辛集团,4套在售二手房1套在租房源,50.49,
237,237,杨浦,360,国和路952号,有,126万,12419元,中外环,市京一村(杨浦中原)地图,sh4780493举报假一赔百细则,2室1厅1卫,暂无数据,60.67平,暂无数据,低区/6层,简装,东南,暂无数据,满五,折现,住宅 - 公寓,56351元/平,1995~1999年,住宅 - 公寓,77栋,1602户,上海中原物业顾问有限公司、中元物业,中元房地产开发有限公司、上海中元房产有限公司,23套在售二手房7套在租房源,60.67,
238,238,闵行,720,报春路128弄,暂无数据,252万,24838元,中外环,东苑绿世界花园（二期）(闵行古美)地图,sh4780300举报假一赔百细则,2室2厅2卫,有(一梯二户),116.22平,暂无数据,低区/12层,精装,南,2006-08-02,满五,暂无数据,住宅 - 公寓,住宅 - 公寓,24栋,335户,东慧物业,东苑集团,4套在售二手房3套在租房源,,,116.22,
239,239,闵行,780,红松路175弄14-54号（双号）,无,273万,26908元,中外环,金汇名人苑三街坊(闵行金汇)地图,sh4780270举报假一赔百细则,4室2厅2卫,有(一梯二户),156.48平,暂无数据,中区/7层,简装,南北,1998-11-19,满五,折现,住宅 - 公寓,53091元/平,1996年,住宅 - 公寓,21栋,272户,宝虹物业、宝虹家园物业,上海宝虹房地产实业有限公司,9套在售二手房1套在租房源,156.48,
240,240,浦东,580,花木路500弄,无,203万,20008元,内环内,花木苑(浦东花木)地图,sh4780077举报假一赔百细则,2室1厅1卫,暂无数据,74.81平,暂无数据,高区/6层,暂无数据,暂无数据,2003-02-13,满五,其它,住宅 - 公寓,79974元/平,2000~2001年,住宅 - 公寓,151栋,1922户,上海市花木物业、上海花木物业、花木物业,上海鑫荣房地产综合开发有限公司,34套在售二手房15套在租房源,74.81,
241,241,浦东,470,"张杨路1050弄, 张杨路1318号, 张杨路1308号, 张杨路1338号, 张杨路1348号, 福山路309号, 张杨路1328号",无,164.5万,16214元,内环内,竹园高层(浦东源深)地图,sh4779651举报假一赔百细则,2室1厅1卫,有(二梯八户),70.04平,暂无数据,低区/22层,精装,南北,2010-06-01,满五,暂无数据,住宅 - 公寓,70789元/平,1989~1996年,住宅 - 公寓,12栋,2138户,上海申厦物业有限公司、宏基物业、潍坊物业,上海申城房地产开发实业总公司、上海第八房地产开发公司、市建,39套在售二手房24套在租房源,70.04,
242,242,宝山,320,"大华路901弄（一期）,华灵路1210弄（二、三期）,华灵路1280弄（二、三期）,华灵路1180弄（四期）,新沪路1099弄（五期）",无,112万,11039元,内中环,文华苑（宝山）(宝山大华)地图,sh4779184举报假一赔百细则,1室1厅1卫,暂无数据,55.22平,暂无数据,低区/6层,简装,南北,2002-09-24,满五,折现,住宅 - 公寓,住宅 - 公寓,276栋,3570户,上海物业管理有限公司、大华物业、上海物业,大华（集团）有限公司,40套在售二手房7套在租房源,,,55.22,
243,243,杨浦,950,"双阳北路288弄, 国顺东路889号",暂无数据,332.5万,32772元,内中环,公园3000黄兴花园(杨浦黄兴公园)地图,sh4779084举报假一赔百细则,3室2厅2卫,有(一梯三户),132.12平,暂无数据,低区/18层,简装,南北,2006-12-23,满五,置换,住宅 - 公寓,83907元/平,2002~2003年,住宅 - 别墅、住宅 - 公寓,149栋,1884户,上海延吉物业管理有限公司、延吉物业,上海新耀房地产开发有限公司,21套在售二手房9套在租房源,132.12,
244,244,徐汇,780,龙华路2506-2508号,无,273万,26908元,内中环,龙华雅居(徐汇龙华)地图,sh4779009举报假一赔百细则,3室2厅2卫,暂无数据,107.91平,暂无数据,中区/7层,豪装,南,1999-09-03,满五,置换,住宅 - 公寓,住宅 - 公寓,2栋,30户,暂无信息,暂无信息,2套在售二手房0套在租房源,,,107.91,
245,245,长宁,640,虹桥路1167弄,暂无数据,224万,22078元,内中环,中华别墅(长宁虹桥)地图,sh4778384举报假一赔百细则,2室2厅1卫,暂无数据,81.0平,暂无数据,高区/4层,中装,暂无数据,暂无数据,满五,暂无数据,住宅 - 公寓,住宅 - 公寓,20栋,180户,新顺物业,暂无信息,1套在售二手房1套在租房源,,,81.0,
246,246,黄浦,690,"海潮路3号,海潮路33号,海潮路93弄,陆家浜路388号,陆家浜路418号",无,241.5万,23803元,内环内,中福花苑(黄浦蓬莱公园)地图,sh4778315举报假一赔百细则,3室2厅2卫,有(二梯十九户),68.33平,暂无数据,中区/15层,精装,东,2004-08-05,满五,置换,住宅 - 公寓,99596元/平,2003年,住宅 - 公寓,9栋,1493户,上海中福联合物业管理有限公司,上海中福地产置业有限公司,40套在售二手房22套在租房源,68.33,
247,247,浦东,880,御桥路288弄,无,308万,30358元,中外环,未来域(浦东三林)地图,sh4777706举报假一赔百细则,3室2厅2卫,有(一梯三户),133.76平,暂无数据,高区/18层,精装,南北,2007-08-01,满五,折现,住宅 - 公寓,65186元/平,2006年,住宅 - 公寓,56栋,1016户,上海金地物业服务有限公司、金地物业,金地(集团)深圳地产公司、金地集团,17套在售二手房12套在租房源,133.76,
248,248,徐汇,1520,宛平南路255弄,无,532万,52436元,内环内,徐家汇花园(徐汇徐家汇)地图,sh4777352举报假一赔百细则,3室2厅2卫,有(二梯三户),158.97平,暂无数据,中区/26层,精装,南北,2005-03-31,满五,折现,住宅 - 公寓,92961元/平,2000~2004年,住宅 - 公寓,34栋,1171户,上海汇银物业管理有限公司、上海汇银物业管理有限公司,上海徐汇房产经营有限公司、上海徐汇商建房地产有限公司,15套在售二手房18套在租房源,158.97,
249,249,浦东,740,昌里东路320弄,无,259万,25528元,内中环,新昌里公寓(浦东世博)地图,sh4777291举报假一赔百细则,3室2厅1卫,暂无数据,94.7平,暂无数据,低区/6层,中装,南,2007-08-31,满五,置换,住宅 - 公寓,75094元/平,2005年,住宅 - 公寓,32栋,360户,中星物业,中星集团,8套在售二手房1套在租房源,94.7,
250,250,闸北,680,晋城路663弄,无,238万,23458元,内中环,阳城世家苑(闸北阳城)地图,sh4776778举报假一赔百细则,2室2厅1卫,有(一梯二户),96.82平,暂无数据,高区/14层,精装,南,2008-08-01,满五,置换,住宅 - 公寓,67819元/平,2007年,住宅 - 公寓,38栋,906户,大华集团、龙盛物业管理有限公司、大华物业,上海阳城房地产有限公司、上海阳城花园房地产有限公司,7套在售二手房2套在租房源,96.82,
251,251,松江,700,广富林路1518弄,有,245万,24148元,外环外,绿地蔷薇九里（别墅）(松江松江大学城)地图,sh4776527举报假一赔百细则,3室2厅4卫,暂无数据,131.0平,暂无数据,地上3层,毛坯,南,2012-01-14,满五,折现,住宅 - 别墅,53508元/平,2010年,住宅 - 别墅,527栋,527户,上海欣周物业管理有限公司,绿城集团,9套在售二手房10套在租房源,131.0,
252,252,宝山,340,共富二村,无,119万,11729元,中外环,共富二村(宝山共富)地图,sh4776458举报假一赔百细则,2室1厅1卫,暂无数据,80.31平,暂无数据,高区/6层,简装,南北,暂无数据,满五,置换,住宅 - 公寓,42164元/平,1995~2006年,住宅 - 公寓、住宅 - 新里,265栋,3370户,上海泰发物业发展公司,上海宝发房地产开发有限公司,57套在售二手房7套在租房源,80.31,
253,253,徐汇,290,"茶陵路75弄1-20号,茶陵路105弄1-9号",无,101.5万,10004元,内环内,茶陵小区(徐汇斜土路)地图,sh4776144举报假一赔百细则,1室1厅1卫,暂无数据,45.37平,暂无数据,低区/4层,中装,南,2005-06-08,满五,置换,住宅 - 公寓,75870元/平,1958~1989年,住宅 - 公寓,29栋,724户,上海瑞创物业管理有限公司、瑞创物业,上海海富置业有限公司,16套在售二手房4套在租房源,45.37,
254,254,静安,640,北京西路1565号,无,224万,22078元,内环内,京安大楼(静安静安寺)地图,sh4776023举报假一赔百细则,2室1厅1卫,有(二梯八户),71.4平,暂无数据,中区/28层,精装,南北,暂无数据,满五,折现,住宅 - 公寓,95326元/平,1994年,住宅 - 公寓,1栋,214户,上海华园物业管理有限公司、华园物业,暂无信息,7套在售二手房0套在租房源,71.4,
255,255,闵行,628,罗锦路888弄,无,219.8万,21664元,中外环,上海阳城(闵行梅陇)地图,sh4775811举报假一赔百细则,2室2厅1卫,暂无数据,93.2平,暂无数据,高区/6层,精装,南北,2007-09-22,满五,置换,住宅 - 公寓,62203元/平,2002~2003年,住宅 - 公寓,176栋,2738户,上海莲阳物业管理有限公司,上海莲城房地产开发有限公司,31套在售二手房8套在租房源,93.2,
256,256,徐汇,378,"东泉路50弄,东泉路51弄,东泉路64弄,东泉路104弄,东泉路105弄,东泉路65弄",无,132.3万,13040元,内中环,东泉小区(徐汇植物园)地图,sh4775495举报假一赔百细则,2室1厅1卫,暂无数据,67.83平,暂无数据,高区/6层,简装,南,2010-08-02,满五,折现,住宅 - 公寓,63375元/平,1994~1995年,住宅 - 公寓、住宅 - 写字楼,143栋,1907户,上海益镇物业管理有限公司、上海申大物业有限公司、申大物业,上海瑞虹房地产有限公司,32套在售二手房15套在租房源,67.83,
257,257,黄浦,495,打浦路457弄,无,173.2万,17076元,内环内,南园小区(黄浦打浦桥)地图,sh4774671举报假一赔百细则,2室1厅1卫,有(三梯八户),64.52平,暂无数据,中区/29层,简装,东南,1994-12-31,满五,置换,住宅 - 公寓,77691元/平,1992~1994年,住宅 - 公寓,5栋,1179户,上海中成物业发展公司、中城物业,中成控股集团,25套在售二手房5套在租房源,64.52,
258,258,虹口,230,"大连西路250弄,大连西路270弄,玉田路407弄,玉田路401-427号,东体育会路413弄",无,80.5万,7934元,内环内,西南小区(虹口曲阳)地图,sh4773814举报假一赔百细则,1室1厅1卫,暂无数据,33.72平,暂无数据,高区/6层,精装,南北,暂无数据,满五,折现,住宅 - 公寓,住宅 - 公寓,88栋,2066户,上海大柏树物业有限公司,无开发商,29套在售二手房6套在租房源,,,33.72,
259,259,浦东,620,上南路3339弄62-118号,无,217万,21388元,内中环,桃李家园(浦东三林)地图,sh4773453举报假一赔百细则,2室2厅1卫,暂无数据,91.0平,暂无数据,中区/5层,精装,南,2011-03-08,满五,其它,住宅 - 公寓,62906元/平,1998~2005年,住宅 - 公寓、商业类,57栋,626户,三纲物业管理有限公司,上海日月明房地产开发有限公司、日月明房产,11套在售二手房0套在租房源,91.0,
260,260,宝山,320,"长逸路327弄,淞南路200弄,淞南五村",无,112万,11039元,中外环,淞南五村(宝山淞南)地图,sh4771689举报假一赔百细则,2室1厅1卫,暂无数据,69.44平,暂无数据,高区/6层,简装,南,暂无数据,满五,置换,住宅 - 公寓,47181元/平,1993~1999年,住宅 - 公寓,363栋,5528户,兴肇物业,松建集团,48套在售二手房5套在租房源,69.44,
261,261,浦东,418,上南一村,无,146.3万,14420元,内中环,上南一村(浦东世博)地图,sh4770839举报假一赔百细则,3室0厅1卫,暂无数据,67.27平,暂无数据,低区/6层,简装,南,2000-08-03,满五,折现,住宅 - 公寓,63789元/平,1982~1989年,住宅 - 公寓,96栋,2047户,上海振南物业有限公司、上南物业公司,上南开发集团、上南集团有限公司,11套在售二手房6套在租房源,67.27,
262,262,徐汇,1050,虹桥路168号,无,367.5万,36222元,内环内,东方曼哈顿(徐汇徐家汇)地图,sh4770344举报假一赔百细则,2室2厅1卫,有(二梯四户),85.11平,暂无数据,低区/37层,精装,东,2001-07-26,满五,折现,住宅 - 公寓,117359元/平,2001~2005年,住宅 - 公寓,12栋,1593户,东方海外(国际)有限公司、绿城物业、东方物业,上东方海外（上海）投资有限公司、东方海外置业,27套在售二手房52套在租房源,85.11,
263,263,浦东,500,灵山路600弄,无,175万,17249元,内环内,桃林一小区(浦东源深)地图,sh4769613举报假一赔百细则,1室1厅1卫,暂无数据,38.28平,暂无数据,中区/6层,简装,南,2005-11-17,满五,折现,住宅 - 公寓,90157元/平,1995~1996年,住宅 - 公寓,45栋,615户,上海陆洋物业管理有限公司、上服物业,上海陆洋物业管理有限公司,22套在售二手房13套在租房源,38.28,
264,264,宝山,240,"沪太路1500弄,沪太路1508弄,华灵路81弄,华灵路201弄,华灵路410弄,华灵路411弄,华灵路460弄,华灵路510弄,华灵路541弄,华灵路560弄,华灵路561弄,华灵路591弄,华灵路630弄,华灵路680弄,华灵路880弄,华灵路881弄",无,84万,8279元,内中环,大华一村(宝山大华)地图,sh4769578举报假一赔百细则,1室1厅1卫,暂无数据,46.44平,暂无数据,高区/6层,精装,南北,1990-08-16,满五,置换,住宅 - 公寓,55008元/平,1990~2001年,住宅 - 公寓,444栋,6339户,上海大华物业管理公司、自主物业,大华集团上海华宜置业有限公司,53套在售二手房18套在租房源,46.44,
265,265,普陀,185,"双山路55弄,双山路101弄,双山路131弄,双山路161弄,新村路570弄",无,64.8万,6382元,内中环,双山小区(普陀甘泉宜川)地图,sh4769488举报假一赔百细则,1室0厅1卫,暂无数据,34.85平,暂无数据,高区/6层,简装,西南,2000-06-17,满五,置换,住宅 - 公寓,57793元/平,1991~2001年,住宅 - 公寓,78栋,1799户,双山物业、沪太物业,西部集团,25套在售二手房5套在租房源,34.85,
266,266,普陀,750,清峪路368弄,有,262.5万,25873元,中外环,金沙雅苑（三期）(普陀长征)地图,sh4769311举报假一赔百细则,2室2厅1卫,有(二梯三户),96.63平,暂无数据,中区/18层,精装,南北,2005-08-27,满五,折现,住宅 - 公寓,72424元/平,2004年,住宅 - 公寓,31栋,1175户,上海协沁物业管理有限公司、上海协沁物业管理有限公司,上海弘象置业有限公司,16套在售二手房7套在租房源,96.63,
267,267,闵行,480,漕宝路1467弄四区,无,168万,16559元,中外环,静安新城（四区）(闵行静安新城)地图,sh4769231举报假一赔百细则,2室1厅1卫,有(二梯八户),86.05平,暂无数据,低区/24层,精装,南北,2010-04-21,满五,置换,住宅 - 公寓,住宅 - 公寓,63栋,1573户,上海静城物业管理有限公司、上海静安新城物业有限公司、静安物业,上海静安新城置业有限公司、静安置业,29套在售二手房13套在租房源,,,86.05,
268,268,宝山,340,祁连山路2777弄,无,119万,11729元,中外环,祁连四村(宝山上大)地图,sh4768952举报假一赔百细则,2室1厅1卫,暂无数据,75.32平,暂无数据,中区/6层,中装,南北,暂无数据,满五,折现,住宅 - 公寓,住宅 - 公寓、住宅 - 新里,55栋,672户,上海豪斯物业管理有限公司、豪斯物业,上海祁连房地产开发总公司,7套在售二手房4套在租房源,,,75.32,
269,269,虹口,590,"吴家湾路136弄1-12号, 吴家弯路138弄1-6号（吴家湾15弄）, 吴家湾路52弄（汶水东路141弄）1-263单号",无,206.5万,20353元,中外环,纪念小区(虹口江湾镇)地图,sh4768951举报假一赔百细则,3室1厅1卫,暂无数据,104.81平,暂无数据,中区/6层,精装,南,暂无数据,满五,置换,住宅 - 公寓,60805元/平,1984~1998年,住宅 - 公寓,89栋,1673户,上海广同物业有限公司、港联物业,上海金叠房地产开发有限公司,36套在售二手房10套在租房源,104.81,
